Financial Instrument,Coupon,Maturity,Ratings,Issuer Debt/Equity,Issue Date,Time-To-Maturity (TTM),Payment Frequency,Ask,Ask Yield,Duration %  ,Bid,Convexity,
MUNI 914072VK6,5.0,Mar01'25,AA2 (MOODY),,Dec 17 '14,0.61,Semi-Annual,101.299,2.8068,,,,
MUNI Unknown 64577HSC6,5.0,Mar01'25,,,Mar 04 '15,0.61,Semi-Annual,101.175,3.0131,,,,
MUNI 647293QD4,5.0,Mar01'25,AA2 (MOODY),,Mar 25 '15,0.61,Semi-Annual,102.203,1.3165,,,,
MUNI Unknown 791319KA3,3.0,Mar01'25,,,Mar 04 '15,0.61,Semi-Annual,100.063,2.891,,,,
MUNI 13063CSD3,5.0,Mar01'25,AA2 (MOODY),,Mar 18 '15,0.61,Semi-Annual,101.308,2.7920000000000003,,100.764,,
MUNI 13063CRE2,5.0,Mar01'25,AA2 (MOODY),,Mar 18 '15,0.61,Semi-Annual,101.242,2.902,,100.764,,
MUNI 7048627B1,5.0,Mar01'25,AA2 (MOODY),,Apr 01 '15,0.61,Semi-Annual,102.119,1.454,,,,
MUNI 817207RE5,5.0,Mar01'25,AA1 (MOODY),,May 19 '15,0.61,Semi-Annual,101.217,2.943,,,,
MUNI 346766SG4,5.0,Mar01'25,AA1 (MOODY),,May 01 '15,0.61,Semi-Annual,101.249,2.8899000000000004,,,,
MUNI 4073246C1,4.0,Mar01'25,AAA (MOODY),,May 07 '15,0.61,Semi-Annual,100.748,2.7366,,,,
MUNI 189152GX3,5.0,Mar01'25,AA2 (MOODY),,May 14 '15,0.61,Semi-Annual,101.235,2.9130000000000003,,,,
MUNI 658268DC8,5.0,Mar01'25,A2 (MOODY),,May 28 '15,0.61,Semi-Annual,101.200,2.9715000000000003,,,,
MUNI 34526PAP3,5.0,Mar01'25,A1 (MOODY),,Nov 17 '15,0.61,Semi-Annual,101.226,2.9282000000000004,,,,
MUNI Unknown 450839CX1,5.0,Mar01'25,,,Jan 26 '16,0.61,Semi-Annual,102.058,1.5539,,,,
MUNI 74444YAH7,5.0,Mar01'25,AA2 (MOODY),,Jan 21 '16,0.61,Semi-Annual,102.149,1.4048,,,,
MUNI 084167LT0,5.0,Mar01'25,AA1 (MOODY),,Jan 27 '16,0.61,Semi-Annual,102.194,1.3312000000000002,,,,
MUNI 604115CG8,5.0,Mar01'25,AAA (MOODY),,Mar 03 '16,0.61,Semi-Annual,102.227,1.2772000000000001,,,,
MUNI 346766SX7,5.0,Mar01'25,AA1 (MOODY),,Jun 01 '16,0.61,Semi-Annual,101.259,2.8733,,,,
MUNI 3494256R4,5.0,Mar01'25,AA3 (MOODY),,May 15 '16,0.61,Semi-Annual,101.339,2.7404,,,,
MUNI 121385ZB7,4.0,Mar01'25,AA2 (MOODY),,Jun 01 '16,0.61,Semi-Annual,100.753,2.7283,,,,
MUNI 312805JR6,5.0,Mar01'25,AA2 (MOODY),,Jun 29 '16,0.61,Semi-Annual,101.224,2.932,,,,
MUNI 660266HH3,4.0,Mar01'25,AA2 (MOODY),,Aug 18 '16,0.61,Semi-Annual,100.663,2.8787000000000003,,,,
MUNI Unknown 043519VU8,5.0,Mar01'25,,,Sep 07 '16,0.61,Semi-Annual,102.168,1.374,,,,
MUNI 763631Q68,5.0,Mar01'25,AAA (MOODY),,Sep 15 '16,0.61,Semi-Annual,101.088,3.1580000000000004,,,,
MUNI 986523SR0,5.0,Mar01'25,AA1 (MOODY),,Sep 29 '16,0.61,Semi-Annual,101.282,2.8351,,,,
MUNI 751100LM8,5.0,Mar01'25,AAA (MOODY),,Nov 16 '16,0.61,Semi-Annual,101.350,2.7221,,,,
MUNI 660266HS9,4.0,Mar01'25,AA1 (MOODY),,Nov 17 '16,0.61,Semi-Annual,100.683,2.8452,,,,
MUNI 704865EJ9,5.0,Mar01'25,AA2 (MOODY),,Dec 01 '16,0.61,Semi-Annual,101.026,3.262,,,,
MUNI 425074KA8,3.0,Mar01'25,AA3 (MOODY),,Feb 14 '17,0.61,Semi-Annual,100.791,1.6739000000000002,,,,
MUNI Unknown 92005PET9,3.0,Mar01'25,,,Jun 07 '17,0.61,Semi-Annual,100.744,1.752,,,,
MUNI 755638YW7,5.0,Mar01'25,A1 (MOODY),,Aug 30 '17,0.61,Semi-Annual,102.084,1.5110000000000001,,,,
MUNI Unknown 6122218M6,4.0,Mar01'25,,,Aug 23 '17,0.61,Semi-Annual,100.686,2.8400000000000003,,,,
MUNI 060096AH7,3.0,Mar01'25,AA2 (MOODY),,Sep 28 '17,0.61,Semi-Annual,100.021,2.962,,,,
MUNI 89855EEV6,5.0,Mar01'25,AAA (MOODY),,Oct 18 '17,0.61,Semi-Annual,100.994,3.315,,,,
MUNI 727730HP1,5.0,Mar01'25,AA1 (MOODY),,Oct 12 '17,0.61,Semi-Annual,101.245,2.8966000000000003,,,,
MUNI 938718G72,5.0,Mar01'25,AAA (MOODY),,Nov 29 '17,0.61,Semi-Annual,102.329,1.1107,,,,
MUNI 442331T95,5.0,Mar01'25,AA3 (MOODY),,Dec 13 '17,0.61,Semi-Annual,101.258,2.875,,,,
MUNI 4423313A0,3.275,Mar01'25,AA3 (MOODY),,Dec 22 '17,0.61,Semi-Annual,98.920,5.1115,,97.317,,
MUNI 930864AG8,5.0,Mar01'25,AAA (MOODY),,Mar 08 '18,0.61,Semi-Annual,101.332,2.7520000000000002,,,,
MUNI 678519XB0,4.0,Mar01'25,AAA (MOODY),,Mar 01 '18,0.61,Semi-Annual,100.742,2.7466,,,,
MUNI 591852J25,5.0,Mar01'25,AAA (MOODY),,May 23 '18,0.61,Semi-Annual,101.351,2.7204,,,,
MUNI 165618DW6,4.0,Mar01'25,AA3 (MOODY),,Jul 25 '18,0.61,Semi-Annual,101.485,1.5138,,,,
MUNI 704865GR9,5.0,Mar01'25,AA2 (MOODY),,Sep 01 '18,0.61,Semi-Annual,101.073,3.1830000000000003,,,,
MUNI Unknown 269731JQ9,5.0,Mar01'25,,,Sep 15 '18,0.61,Semi-Annual,101.281,2.8367,,,,
MUNI 208399N27,5.0,Mar01'25,AA1 (MOODY),,Nov 01 '18,0.61,Semi-Annual,101.141,3.0700000000000003,,,,
MUNI 938718J53,5.0,Mar01'25,AAA (MOODY),,Dec 11 '18,0.61,Semi-Annual,102.329,1.111,,,,
MUNI Unknown 283822QT4,5.0,Mar01'25,,,Dec 01 '18,0.61,Semi-Annual,102.176,1.3606,,,,
MUNI Unknown 358595GQ3,5.0,Mar01'25,,,Dec 01 '18,0.61,Semi-Annual,102.113,1.4638,,,,
MUNI 986438MT3,5.0,Mar01'25,AAA (MOODY),,Feb 21 '19,0.61,Semi-Annual,102.226,1.2790000000000001,,,,
MUNI 7386633J0,3.0,Mar01'25,AA3 (MOODY),,Mar 07 '19,0.61,Semi-Annual,100.916,1.4666000000000001,,,,
MUNI 658268DW4,5.0,Mar01'25,A2 (MOODY),,Jun 04 '19,0.61,Semi-Annual,101.333,2.7503,,,,
MUNI Unknown 427586LF7,5.0,Mar01'25,,,Aug 13 '19,0.61,Semi-Annual,101.196,2.9782,,,,
MUNI 033717NC9,5.0,Mar01'25,AA1 (MOODY),,Aug 07 '19,0.61,Semi-Annual,101.034,3.248,,,,
MUNI 584002WU9,5.0,Mar01'25,AAA (MOODY),,Sep 26 '19,0.61,Semi-Annual,101.267,2.8600000000000003,,,,
MUNI 25477GNV3,5.0,Mar01'25,AA1 (MOODY),,Dec 04 '19,0.61,Semi-Annual,101.352,2.7188000000000003,,,,
MUNI 763665B39,5.0,Mar01'25,AA3 (MOODY),,Dec 10 '19,0.61,Semi-Annual,101.321,2.7703,,,,
MUNI 142508PQ7,2.0,Mar01'25,AA2 (MOODY),,Dec 30 '19,0.61,Semi-Annual,98.720,4.1695,,,,
MUNI Unknown 654811DA3,5.0,Mar01'25,,,Dec 30 '19,0.61,Semi-Annual,101.124,3.0980000000000003,,,,
MUNI Unknown 947100SS3,4.0,Mar01'25,,,Feb 13 '20,0.61,Semi-Annual,100.621,2.9490000000000003,,,,
MUNI 438687LY9,5.0,Mar01'25,AA2 (MOODY),,Mar 05 '20,0.61,Semi-Annual,101.353,2.717,,,,
MUNI 440668VV0,4.0,Mar01'25,AAA (MOODY),,Mar 11 '20,0.61,Semi-Annual,100.722,2.7800000000000002,,,,
MUNI 25477GRE7,5.0,Mar01'25,AA1 (MOODY),,Mar 11 '20,0.61,Semi-Annual,101.224,2.9315,,100.698,,
MUNI 05914F5M8,5.0,Mar01'25,AAA (MOODY),,Mar 19 '20,0.61,Semi-Annual,101.367,2.6939,,,,
MUNI 13063DUY2,5.0,Mar01'25,AA2 (MOODY),,Apr 22 '20,0.61,Semi-Annual,101.439,2.5740000000000003,,100.764,,
MUNI 709235Q99,5.0,Mar01'25,AA1 (MOODY),,Jun 01 '20,0.61,Semi-Annual,101.339,2.7404,,,,
MUNI 346766YC6,5.0,Mar01'25,AA1 (MOODY),,Jun 01 '20,0.61,Semi-Annual,101.133,3.083,,,,
MUNI 678519H69,5.0,Mar01'25,AAA (MOODY),,Jun 18 '20,0.61,Semi-Annual,101.124,3.0980000000000003,,,,
MUNI 89453PU80,5.0,Mar01'25,AAA (MOODY),,Jul 01 '20,0.61,Semi-Annual,102.164,1.3803,,,,
MUNI 704865KY9,5.0,Mar01'25,AA2 (MOODY),,Aug 01 '20,0.61,Semi-Annual,101.183,2.9998,,,,
MUNI 160075ZG5,5.0,Mar01'25,AA2 (MOODY),,Nov 16 '20,0.61,Semi-Annual,102.218,1.292,,,,
MUNI 6775224W1,5.0,Mar01'25,AAA (MOODY),,Dec 22 '20,0.61,Semi-Annual,101.366,2.6955,,,,
MUNI 584002XP9,5.0,Mar01'25,AAA (MOODY),,Mar 18 '21,0.61,Semi-Annual,101.396,2.6457,,,,
MUNI 574193TU2,5.0,Mar01'25,AAA (MOODY),,Mar 10 '21,0.61,Semi-Annual,101.321,2.7703,,,,
MUNI 39448PCK6,4.0,Mar01'25,AA2 (MOODY),,Apr 15 '21,0.61,Semi-Annual,101.537,1.4280000000000002,,,,
MUNI 068715FK2,5.0,Mar01'25,A1 (MOODY),,Jul 12 '21,0.61,Semi-Annual,101.158,3.0415,,,,
MUNI Unknown 884357AU8,4.0,Mar01'25,,,Jun 29 '21,0.61,Semi-Annual,100.683,2.8452,,,,
MUNI Unknown 929833CD1,4.0,Mar01'25,,,Jul 01 '21,0.61,Semi-Annual,100.376,3.3601,,,,
MUNI 294223RC8,4.0,Mar01'25,AA3 (MOODY),,Jul 29 '21,0.61,Semi-Annual,101.678,1.196,,,,
MUNI 658268EK9,5.0,Mar01'25,A2 (MOODY),,Sep 16 '21,0.61,Semi-Annual,101.332,2.7520000000000002,,,,
MUNI Unknown 502769GY2,4.0,Mar01'25,,,Nov 10 '21,0.61,Semi-Annual,100.655,2.8921,,,,
MUNI 312805LL6,5.0,Mar01'25,AA2 (MOODY),,Nov 04 '21,0.61,Semi-Annual,101.345,2.7304,,,,
MUNI 67756QM87,5.0,Mar01'25,AAA (MOODY),,Nov 09 '21,0.61,Semi-Annual,101.201,2.9698,,,,
MUNI 18458PBM4,3.0,Mar01'25,AA3 (MOODY),,Dec 01 '21,0.61,Semi-Annual,100.832,1.6059,,,,
MUNI Unknown 790811BF9,3.0,Mar01'25,,,Mar 03 '22,0.61,Semi-Annual,99.731,3.4512,,,,
MUNI 580441JP9,3.0,Mar01'25,AA2 (MOODY),,Mar 24 '22,0.61,Semi-Annual,99.828,3.2870000000000004,,,,
MUNI 789228KE2,5.0,Mar01'25,AA1 (MOODY),,Apr 19 '22,0.61,Semi-Annual,101.127,3.093,,,,
MUNI 654064GU2,5.0,Mar01'25,AAA (MOODY),,Jun 27 '22,0.61,Semi-Annual,101.256,2.8783000000000003,,,,
MUNI 073900Q39,5.0,Mar01'25,AA1 (MOODY),,Jun 23 '22,0.61,Semi-Annual,102.218,1.292,,,,
MUNI 57419TE56,3.25,Mar01'25,AA1 (MOODY),,Dec 14 '22,0.61,Semi-Annual,101.079,1.4441000000000002,,,,
MUNI 677523EA6,4.0,Mar01'25,AAA (MOODY),,Dec 21 '22,0.61,Semi-Annual,100.774,2.6932,,,,
MUNI 186054JK9,3.0,Mar01'25,AA2 (MOODY),,Mar 01 '23,0.61,Semi-Annual,99.989,3.0155000000000003,,,,
MUNI 349426GW0,5.0,Mar01'25,AA3 (MOODY),,Jun 08 '23,0.61,Semi-Annual,102.200,1.3210000000000002,,,,
MUNI 597750AB4,5.0,Mar01'25,AA1 (MOODY),,May 15 '23,0.61,Semi-Annual,101.163,3.0330000000000004,,,,
MUNI 346766H76,5.0,Mar01'25,AA1 (MOODY),,Jun 01 '23,0.61,Semi-Annual,102.158,1.3901000000000001,,,,
MUNI Unknown 55844PYE2,4.0,Mar01'25,,,Aug 08 '23,0.61,Semi-Annual,101.644,1.2521,,,,
MUNI 312805NT7,5.0,Mar01'25,AA2 (MOODY),,Feb 29 '24,0.61,Semi-Annual,101.319,2.774,,,,
MUNI Unknown 798110DA7,5.0,Mar01'25,,,Feb 21 '24,0.61,Semi-Annual,102.321,1.1235,,,,
MUNI 277587L33,5.0,Mar01'25,AA3 (MOODY),,Mar 06 '24,0.61,Semi-Annual,102.395,1.0030000000000001,,,,
MUNI Unknown 869648ZV0,5.0,Mar01'25,NoMD,NoMD,Mar 06 '24,0.61,Semi-Annual,102.466,0.887,NoMD,NoMD,NoMD,
MUNI Unknown 421722X61,5.0,Mar01'25,,,Mar 19 '24,0.61,Semi-Annual,102.144,1.4136,,,,
MUNI Unknown 467486XV3,4.0,Mar01'25,,,Mar 26 '24,0.61,Semi-Annual,101.548,1.4107,,,,
MUNI Unknown 3495453S0,5.0,Mar01'25,,,May 09 '24,0.61,Semi-Annual,101.289,2.8280000000000003,,,,
MUNI Unknown 349426JA5,5.0,Mar01'25,,,Jun 18 '24,0.61,Semi-Annual,101.338,2.7489000000000003,,,,
MUNI Unknown 220113NW0,5.0,Mar01'25,,,Jun 12 '24,0.61,Principal at Maturity,101.189,2.975,,,,
MUNI 48618LQX7,6.0,Mar01'25,BAA1 (MOODY),,Aug 01 '24,0.61,Principal at Maturity,101.300,3.5540000000000003,,,,
MUNI Unknown 353838XC4,4.0,Mar15'25,,,Feb 25 '15,0.64,Semi-Annual,101.805,1.1660000000000001,,,,
MUNI 649791KN9,5.0,Mar15'25,AA1 (MOODY),,Mar 19 '15,0.64,Semi-Annual,101.573,2.5084,,100.846,,
MUNI 20772JB76,5.0,Mar15'25,AA3 (MOODY),,Mar 25 '15,0.64,Semi-Annual,101.170,3.1377,,100.808,,
MUNI 20772JZP0,3.127,Mar15'25,AA3 (MOODY),,Mar 25 '15,0.64,Semi-Annual,98.796,5.051,,97.094,,
MUNI 59333RFL3,5.0,Mar15'25,AA3 (MOODY),,Aug 12 '15,0.64,Semi-Annual,101.353,2.8514,,,,
MUNI 20772JS94,4.0,Mar15'25,AA3 (MOODY),,Mar 30 '16,0.64,Semi-Annual,100.731,2.838,,100.150,,
MUNI 914233E80,5.0,Mar15'25,AA3 (MOODY),,Apr 21 '16,0.64,Semi-Annual,101.456,2.6907,,,,
MUNI 914233H87,5.0,Mar15'25,AA3 (MOODY),,Apr 21 '16,0.64,Semi-Annual,101.456,2.6907,,,,
MUNI 594612DG5,5.0,Mar15'25,A2 (MOODY),,Aug 12 '16,0.64,Semi-Annual,101.281,2.9639,,,,
MUNI 88278PYE8,5.0,Mar15'25,AA2 (MOODY),,Jan 01 '17,0.64,Semi-Annual,101.373,2.8202000000000003,,,,
MUNI 574193NG9,5.0,Mar15'25,AAA (MOODY),,Mar 22 '17,0.64,Semi-Annual,101.426,2.737,,,,
MUNI 19668QHY4,5.0,Mar15'25,AA2 (MOODY),,Dec 07 '17,0.64,Semi-Annual,102.275,1.423,,,,
MUNI 92778UBV1,5.0,Mar15'25,AA1 (MOODY),,Dec 07 '17,0.64,Semi-Annual,101.467,2.6735,,,,
MUNI 574193PZ5,5.0,Mar15'25,AAA (MOODY),,Mar 21 '18,0.64,Semi-Annual,101.366,2.8311,,,,
MUNI 108065AY9,3.0,Mar15'25,AAA (MOODY),,Nov 21 '18,0.64,Semi-Annual,100.942,1.5170000000000001,,,,
MUNI 88278PZB3,2.251,Mar15'25,AA2 (MOODY),,Nov 01 '19,0.64,Semi-Annual,98.060,5.3622000000000005,,96.733,,
MUNI 88278PZT4,5.0,Mar15'25,AA2 (MOODY),,Nov 01 '19,0.64,Semi-Annual,102.323,1.3492,,,,
MUNI Unknown 85236UAE0,4.0,Mar15'25,,,Mar 12 '20,0.64,Semi-Annual,100.405,3.351,,,,
MUNI 574193SB5,5.0,Mar15'25,AAA (MOODY),,Mar 18 '20,0.64,Semi-Annual,101.460,2.684,,,,
MUNI 525876WP9,1.118,Mar15'25,AA3 (MOODY),,Oct 21 '20,0.64,Semi-Annual,97.521,5.0915,,95.860,,
MUNI 88278PE26,0.961,Mar15'25,AA2 (MOODY),,Jan 15 '21,0.64,Semi-Annual,97.303,5.289000000000001,,95.932,,
MUNI 649791RA0,0.91,Mar15'25,AA1 (MOODY),,Mar 23 '21,0.64,Semi-Annual,97.374,5.1204,,95.777,,
MUNI 74414LAC2,5.0,Mar15'25,AA3 (MOODY),,Mar 02 '22,0.64,Semi-Annual,101.458,2.6870000000000003,,,,
MUNI 986082R23,5.0,Mar15'25,A1 (MOODY),,Mar 23 '22,0.64,Semi-Annual,101.335,2.8800000000000003,,,,
MUNI Unknown 423725PR5,5.0,Mar15'25,,,May 10 '22,0.64,Semi-Annual,101.191,3.105,,,,
MUNI Unknown 411144EQ7,3.0,Mar15'25,,,Mar 15 '23,0.64,Semi-Annual,99.889,3.1723000000000003,,,,
MUNI 048483R37,4.0,Mar15'25,AA2 (MOODY),,Jun 29 '23,0.64,Semi-Annual,101.763,1.2312,,,,
MUNI 88278PG40,5.0,Mar15'25,AA2 (MOODY),,Jun 11 '24,0.64,Semi-Annual,101.373,2.8276000000000003,,,,
MUNI 303891ST3,5.25,Apr01'25,AAA (MOODY),,Mar 30 '05,0.69,Semi-Annual,101.594,2.8805,,,,
MUNI 88283LGX8,5.25,Apr01'25,AAA (MOODY),,Aug 01 '08,0.69,Semi-Annual,101.692,2.7377000000000002,,,,
MUNI 68607VN27,5.0,Apr01'25,AA2 (MOODY),,Jan 28 '15,0.69,Semi-Annual,101.275,3.1008,,,,
MUNI 821686P48,5.0,Apr01'25,AA1 (MOODY),,Jan 28 '15,0.69,Semi-Annual,101.507,2.7616,,,,
MUNI 80168NGK9,5.0,Apr01'25,AA2 (MOODY),,Feb 26 '15,0.69,Semi-Annual,101.666,2.5299,,,,
MUNI 914353J99,5.0,Apr01'25,AA2 (MOODY),,Feb 11 '15,0.69,Semi-Annual,102.301,1.6108,,,,
MUNI 67757AAK7,5.0,Apr01'25,AA1 (MOODY),,Mar 05 '15,0.69,Semi-Annual,101.482,2.7981000000000003,,,,
MUNI 537445PW2,3.0,Apr01'25,AA3 (MOODY),,Mar 31 '15,0.69,Semi-Annual,100.071,2.891,,,,
MUNI Unknown 7700775C5,4.0,Apr01'25,,,Mar 25 '15,0.69,Semi-Annual,100.580,3.1335,,,,
MUNI 914716C86,5.0,Apr01'25,AA3 (MOODY),,Apr 01 '15,0.69,Semi-Annual,101.484,2.7952000000000004,,,,
MUNI 9308636B6,5.0,Apr01'25,AAA (MOODY),,Apr 15 '15,0.69,Semi-Annual,101.469,2.817,,,,
MUNI 03588HHH2,5.0,Apr01'25,AAA (MOODY),,Apr 08 '15,0.69,Semi-Annual,101.260,3.1228000000000002,,,,
MUNI 03588HLB0,5.0,Apr01'25,AAA (MOODY),,Apr 08 '15,0.69,Semi-Annual,101.517,2.7470000000000003,,,,
MUNI 03588HKF2,5.0,Apr01'25,AAA (MOODY),,Apr 08 '15,0.69,Semi-Annual,101.543,2.7091000000000003,,,,
MUNI 83710RLB1,5.0,Apr01'25,AAA (MOODY),,May 01 '15,0.69,Semi-Annual,102.492,1.336,,,,
MUNI Unknown 443730KL9,5.0,Apr01'25,,,Jul 01 '15,0.69,Semi-Annual,101.363,2.972,,,,
MUNI 677522EV2,5.0,Apr01'25,AA1 (MOODY),,Aug 12 '15,0.69,Semi-Annual,102.384,1.4914,,,,
MUNI 812643MV3,5.0,Apr01'25,AA2 (MOODY),,Jan 28 '16,0.69,Semi-Annual,101.506,2.7631,,,,
MUNI 935007XL3,4.0,Apr01'25,A1 (MOODY),,Feb 01 '16,0.69,Semi-Annual,100.591,3.117,,,,
MUNI 64542WAH3,5.0,Apr01'25,AA2 (MOODY),,Mar 03 '16,0.69,Semi-Annual,101.362,2.9735,,,,
MUNI 12677RBP1,5.0,Apr01'25,AA1 (MOODY),,Mar 31 '16,0.69,Semi-Annual,101.505,2.7645,,,,
MUNI Unknown 97217PKE8,5.0,Apr01'25,,,Mar 22 '16,0.69,Semi-Annual,101.369,2.963,,,,
MUNI 396290CJ5,5.0,Apr01'25,AA1 (MOODY),,Jun 14 '16,0.69,Semi-Annual,102.363,1.5216,,,,
MUNI 79765DS27,2.851,Apr01'25,AA2 (MOODY),,Jun 22 '16,0.69,Semi-Annual,101.368,0.8461000000000001,,96.882,,
MUNI Unknown 95332RBX6,5.0,Apr01'25,,,Jun 30 '16,0.69,Semi-Annual,101.592,2.6377,,,,
MUNI Unknown 514328GL1,4.0,Apr01'25,,,Jul 19 '16,0.69,Semi-Annual,100.399,3.4010000000000002,,,,
MUNI 59333NC92,5.0,Apr01'25,AA2 (MOODY),,Aug 24 '16,0.69,Semi-Annual,101.447,2.8492,,,,
MUNI 95073BCY1,4.0,Apr01'25,A1 (MOODY),,Sep 01 '16,0.69,Semi-Annual,100.399,3.4010000000000002,,,,
MUNI Unknown 954498SW2,5.0,Apr01'25,,,Oct 19 '16,0.69,Semi-Annual,101.325,3.0276,,,,
MUNI 736754NY4,5.0,Apr01'25,AA1 (MOODY),,Dec 15 '16,0.69,Semi-Annual,101.292,3.076,,,,
MUNI Unknown 366268RT9,4.0,Apr01'25,,,Feb 22 '17,0.69,Semi-Annual,100.867,2.7114000000000003,,,,
MUNI Unknown 278445HH7,4.0,Apr01'25,,,Apr 17 '17,0.69,Semi-Annual,100.380,3.4290000000000003,,,,
MUNI 546417AH9,5.0,Apr01'25,AA2 (MOODY),,Mar 31 '17,0.69,Semi-Annual,102.377,1.5015,,,,
MUNI 68607VT54,2.946,Apr01'25,AA2 (MOODY),,Apr 05 '17,0.69,Semi-Annual,98.551,5.1155,,97.028,,
MUNI 57582RNB8,5.0,Apr01'25,AA1 (MOODY),,Apr 13 '17,0.69,Semi-Annual,101.340,3.0057,,100.867,,
MUNI Unknown 023108LJ0,5.0,Apr01'25,,,Apr 01 '17,0.69,Semi-Annual,101.515,2.7499000000000002,,,,
MUNI 121358AH8,5.0,Apr01'25,AA3 (MOODY),,Apr 27 '17,0.69,Semi-Annual,101.285,3.0860000000000003,,,,
MUNI 675635MA1,4.0,Apr01'25,AA2 (MOODY),,May 15 '17,0.69,Semi-Annual,100.464,3.305,,,,
MUNI 489836SP2,5.0,Apr01'25,AA2 (MOODY),,Jun 15 '17,0.69,Semi-Annual,102.295,1.6195000000000002,,,,
MUNI Unknown 735587HK6,4.0,Apr01'25,,,Jul 05 '17,0.69,Semi-Annual,100.570,3.148,,,,
MUNI Unknown 78775RBN8,4.0,Apr01'25,,,Jul 19 '17,0.69,Semi-Annual,101.594,1.6512,,,,
MUNI 072024UY6,5.0,Apr01'25,A1 (MOODY),,Aug 23 '17,0.69,Semi-Annual,101.419,2.89,,,,
MUNI 584002VF3,5.0,Apr01'25,AAA (MOODY),,Sep 12 '17,0.69,Semi-Annual,101.200,3.2108000000000003,,,,
MUNI Unknown 85234LAB8,4.0,Apr01'25,,,Sep 12 '17,0.69,Semi-Annual,101.590,1.657,,,,
MUNI 57584X2Q3,5.0,Apr01'25,AA3 (MOODY),,Nov 16 '17,0.69,Semi-Annual,101.130,3.3135000000000003,,,,
MUNI 469665BB8,5.0,Apr01'25,AA3 (MOODY),,Dec 21 '17,0.69,Semi-Annual,102.250,1.6843000000000001,,,,
MUNI Unknown 278445HW4,5.0,Apr01'25,,,Dec 28 '17,0.69,Semi-Annual,101.293,3.0740000000000003,,,,
MUNI Unknown 791697EE1,4.0,Apr01'25,,,Dec 28 '17,0.69,Semi-Annual,100.623,3.0701,,,,
MUNI 750046MU5,5.0,Apr01'25,AA3 (MOODY),,Mar 26 '18,0.69,Semi-Annual,101.220,3.1814,,,,
MUNI 4073246K3,5.0,Apr01'25,AAA (MOODY),,Mar 29 '18,0.69,Semi-Annual,102.377,1.5010000000000001,,,,
MUNI 01212PBG0,5.0,Apr01'25,AA3 (MOODY),,Apr 12 '18,0.69,Semi-Annual,101.457,2.835,,,,
MUNI 64966MZE2,4.0,Apr01'25,AA2 (MOODY),,Apr 19 '18,0.69,Semi-Annual,100.822,2.7774,,,,
MUNI 13063DGB8,3.375,Apr01'25,AA2 (MOODY),,Apr 25 '18,0.69,Semi-Annual,98.838,5.1126000000000005,,97.631,,
MUNI 914719WL9,5.0,Apr01'25,AA3 (MOODY),,Jun 06 '18,0.69,Semi-Annual,101.311,3.048,,,,
MUNI 472628RQ1,5.0,Apr01'25,A3 (MOODY),,May 31 '18,0.69,Semi-Annual,101.130,3.3135000000000003,,,,
MUNI 70879QBR3,2.65,Apr01'25,AA1 (MOODY),,Sep 24 '18,0.69,Semi-Annual,99.022,4.105,,,,
MUNI 0381055U2,5.0,Apr01'25,AA1 (MOODY),,Oct 09 '18,0.69,Semi-Annual,102.338,1.5576,,,,
MUNI 199492VV8,5.0,Apr01'25,AAA (MOODY),,Oct 17 '18,0.69,Semi-Annual,101.532,2.7251000000000003,,,,
MUNI 436308GW4,4.0,Apr01'25,AA2 (MOODY),,Apr 01 '19,0.69,Semi-Annual,101.590,1.657,,,,
MUNI 13063DPA0,5.0,Apr01'25,AA2 (MOODY),,Apr 18 '19,0.69,Semi-Annual,101.571,2.668,,100.874,,
MUNI 943062RN1,3.0,Apr01'25,AAA (MOODY),,May 22 '19,0.69,Semi-Annual,100.834,1.7694,,,,
MUNI Unknown 972183JS7,5.0,Apr01'25,,,May 15 '19,0.69,Semi-Annual,102.277,1.6454,,,,
MUNI Unknown 835143FQ6,4.0,Apr01'25,,,Aug 19 '19,0.69,Semi-Annual,101.672,1.5382,,,,
MUNI 59333NL84,5.0,Apr01'25,AA2 (MOODY),,Aug 28 '19,0.69,Semi-Annual,103.336,0.1337,,,,
MUNI Unknown 033162BA5,5.0,Apr01'25,,,Oct 01 '19,0.69,Semi-Annual,101.321,3.0330000000000004,,,,
MUNI 199492YH6,5.0,Apr01'25,AAA (MOODY),,Oct 16 '19,0.69,Semi-Annual,101.514,2.7514000000000003,,,,
MUNI Unknown 697334SQ4,4.0,Apr01'25,,,Oct 17 '19,0.69,Semi-Annual,100.715,2.9347000000000003,,,,
MUNI 974603UY6,3.0,Apr01'25,AA1 (MOODY),,Nov 05 '19,0.69,Semi-Annual,99.774,3.3320000000000003,,,,
MUNI 528902KE8,5.0,Apr01'25,AA2 (MOODY),,Dec 19 '19,0.69,Semi-Annual,102.393,1.4785000000000001,,,,
MUNI 277695KS0,4.0,Apr01'25,AA2 (MOODY),,Jan 09 '20,0.69,Semi-Annual,101.747,1.4300000000000002,,,,
MUNI Unknown 987834QD3,4.0,Apr01'25,,,Mar 11 '20,0.69,Semi-Annual,101.531,1.743,,,,
MUNI 920577AE3,5.0,Apr01'25,AA2 (MOODY),,Apr 02 '20,0.69,Semi-Annual,101.332,3.0174000000000003,,,,
MUNI Unknown 95988MGQ4,3.0,Apr01'25,,,May 06 '20,0.69,Semi-Annual,99.627,3.5505,,,,
MUNI Unknown 346788NK4,4.0,Apr01'25,,,May 01 '20,0.69,Semi-Annual,100.641,3.044,,,,
MUNI 117068GS9,5.0,Apr01'25,AA2 (MOODY),,Jun 04 '20,0.69,Semi-Annual,101.488,2.7894,,,,
MUNI 914455TJ9,5.0,Apr01'25,AAA (MOODY),,Jun 16 '20,0.69,Semi-Annual,101.519,2.7441,,,,
MUNI 855685EL3,3.0,Apr01'25,AA3 (MOODY),,Aug 19 '20,0.69,Semi-Annual,99.816,3.269,,,,
MUNI Unknown 033162FM5,5.0,Apr01'25,,,Aug 19 '20,0.69,Semi-Annual,101.373,2.9574000000000003,,,,
MUNI 70879QJK0,5.0,Apr01'25,AA1 (MOODY),,Sep 29 '20,0.69,Semi-Annual,101.115,3.3360000000000003,,,,
MUNI 821686Y89,5.0,Apr01'25,AA1 (MOODY),,Oct 01 '20,0.69,Semi-Annual,101.523,2.7383,,,,
MUNI 61334EDC9,5.0,Apr01'25,AA1 (MOODY),,Oct 15 '20,0.69,Semi-Annual,102.333,1.5648,,,,
MUNI Unknown 138128KW2,5.0,Apr01'25,,,Oct 20 '20,0.69,Semi-Annual,102.236,1.7040000000000002,,,,
MUNI 969872WZ9,5.0,Apr01'25,AAA (MOODY),,Oct 28 '20,0.69,Semi-Annual,101.396,2.924,,,,
MUNI Unknown 67919PRE5,5.0,Apr01'25,,,Dec 17 '20,0.69,Semi-Annual,101.509,2.7587,,,,
MUNI Unknown 768190KT6,3.0,Apr01'25,,,Feb 11 '21,0.69,Semi-Annual,99.896,3.1500000000000004,,,,
MUNI Unknown 947628GC1,5.0,Apr01'25,,,Feb 10 '21,0.69,Semi-Annual,102.454,1.3908,,,,
MUNI 199492G86,5.0,Apr01'25,AAA (MOODY),,Feb 17 '21,0.69,Semi-Annual,101.536,2.7193,,,,
MUNI Unknown 245748GP7,3.0,Apr01'25,,,Apr 01 '21,0.69,Semi-Annual,99.775,3.33,,,,
MUNI 871821AZ7,3.0,Apr01'25,AA2 (MOODY),,Apr 21 '21,0.69,Semi-Annual,99.754,3.3614,,99.406,,
MUNI Unknown 644503EW0,5.0,Apr01'25,,,Jul 13 '21,0.69,Semi-Annual,101.389,2.934,,,,
MUNI 34664PBK5,4.0,Apr01'25,AA1 (MOODY),,Jun 29 '21,0.69,Semi-Annual,101.675,1.5339,,,,
MUNI Unknown 611199CT5,5.0,Apr01'25,,,Aug 10 '21,0.69,Semi-Annual,101.378,2.95,,,,
MUNI 64613AED0,0.55,Apr01'25,AA2 (MOODY),,Aug 19 '21,0.69,Semi-Annual,97.993,3.5357000000000003,,,,
MUNI 76221RX32,5.0,Apr01'25,AA1 (MOODY),,May 12 '22,0.69,Semi-Annual,101.196,3.2166,,,,
MUNI 63165TZ81,5.0,Apr01'25,AA2 (MOODY),,Jun 28 '22,0.69,Semi-Annual,102.499,1.326,,,,
MUNI 61366AJR9,5.0,Apr01'25,AA2 (MOODY),,Aug 26 '22,0.69,Semi-Annual,101.484,2.7952000000000004,,,,
MUNI 442860GH9,5.0,Apr01'25,AA3 (MOODY),,Apr 03 '23,0.69,Semi-Annual,101.266,3.1140000000000003,,,,
MUNI 416464AB1,5.0,Apr01'25,AA3 (MOODY),,May 10 '23,0.69,Semi-Annual,101.488,2.7894,,,,
MUNI 577625L61,5.0,Apr01'25,AA2 (MOODY),,Aug 08 '23,0.69,Semi-Annual,101.458,2.8332,,,,
MUNI Unknown 23131TAB6,5.0,Apr01'25,,,Nov 01 '23,0.69,Semi-Annual,101.268,3.111,,,,
MUNI 91440ADU5,5.0,Apr01'25,AA1 (MOODY),,Feb 29 '24,0.69,Semi-Annual,101.443,2.8518000000000003,,,,
MUNI Unknown 7513966L1,5.0,Apr01'25,,,Jul 30 '24,0.69,Principal at Maturity,101.411,2.8520000000000003,,,,
MUNI 914729PU6,5.0,Apr15'25,AA2 (MOODY),,Oct 01 '15,0.73,Semi-Annual,101.566,2.797,,,,
MUNI 442368NF9,5.0,Apr15'25,AA2 (MOODY),,Sep 21 '16,0.73,Semi-Annual,101.551,2.8177000000000003,,,,
MUNI 20772J6J6,5.0,Apr15'25,AA3 (MOODY),,Apr 19 '17,0.73,Semi-Annual,101.514,2.869,,100.920,,
MUNI 549203VA2,5.0,Apr15'25,A1 (MOODY),,Aug 15 '17,0.73,Semi-Annual,102.280,1.8163,,,,
MUNI Unknown 882854ZS4,5.0,Apr15'25,,,Oct 12 '17,0.73,Semi-Annual,101.640,2.6950000000000003,,,,
MUNI 192540KF8,5.0,Apr15'25,AA3 (MOODY),,Dec 07 '17,0.73,Semi-Annual,102.408,1.6420000000000001,,,,
MUNI 20772KBP3,5.0,Apr15'25,AA3 (MOODY),,Apr 11 '18,0.73,Semi-Annual,101.500,2.8882000000000003,,100.920,,
MUNI 914233P47,5.0,Apr15'25,AA3 (MOODY),,May 03 '18,0.73,Semi-Annual,102.455,1.5777,,,,
MUNI Unknown 882854M33,5.0,Apr15'25,,,Oct 11 '18,0.73,Semi-Annual,102.486,1.5355,,,,
MUNI 442368PP5,5.0,Apr15'25,AA2 (MOODY),,Feb 26 '19,0.73,Semi-Annual,102.426,1.617,,,,
MUNI Unknown 364586KK2,4.0,Apr15'25,,,Apr 29 '20,0.73,Semi-Annual,101.765,1.5399,,,,
MUNI 71783DCA1,1.425,Apr15'25,A1 (MOODY),,Apr 07 '21,0.73,Semi-Annual,100.061,1.3394000000000001,,95.726,,
MUNI 59447T3E1,5.0,Apr15'25,AA3 (MOODY),,May 12 '22,0.73,Semi-Annual,101.498,2.8909000000000002,,,,
MUNI 681713AC7,5.0,Apr15'25,AA2 (MOODY),,Dec 16 '22,0.73,Semi-Annual,101.501,2.8868,,,,
MUNI 92818JBT3,5.0,Apr15'25,AA1 (MOODY),,May 23 '23,0.73,Semi-Annual,101.636,2.7003,,,,
MUNI 2511294G4,5.25,May01'25,AA1 (MOODY),,Nov 01 '98,0.77,Semi-Annual,101.400,3.3840000000000003,,,,
MUNI 246045LL0,5.25,May01'25,AA3 (MOODY),,Oct 23 '07,0.77,Semi-Annual,101.579,3.1500000000000004,,,,
MUNI 59333MP58,5.0,May01'25,A1 (MOODY),,Jan 21 '15,0.77,Semi-Annual,101.296,3.274,,,,
MUNI Unknown 129271RA2,5.0,May01'25,,,Feb 11 '15,0.77,Semi-Annual,101.670,2.7855000000000003,,,,
MUNI Unknown 59447P6Y2,5.0,May01'25,,,Mar 12 '15,0.77,Semi-Annual,102.500,1.7120000000000002,,,,
MUNI Unknown 577056HS6,4.0,May01'25,,,Mar 25 '15,0.77,Semi-Annual,101.681,1.7876,,,,
MUNI 97705L8Q3,5.0,May01'25,AA1 (MOODY),,Apr 14 '15,0.77,Semi-Annual,101.605,2.87,,,,
MUNI 97705L8M2,3.0,May01'25,AA1 (MOODY),,Apr 14 '15,0.77,Semi-Annual,100.088,2.8800000000000003,,,,
MUNI 010609BJ3,5.0,May01'25,AA1 (MOODY),,May 05 '15,0.77,Semi-Annual,101.645,2.8181000000000003,,,,
MUNI 73358WWM2,5.0,May01'25,AA3 (MOODY),,Apr 23 '15,0.77,Semi-Annual,101.674,2.7803,,,,
MUNI 185630WE6,4.0,May01'25,AA3 (MOODY),,May 01 '15,0.77,Semi-Annual,101.865,1.55,,,,
MUNI Unknown 891691BG1,3.0,May01'25,,,Jun 29 '15,0.77,Semi-Annual,99.755,3.321,,,,
MUNI Unknown 388712FG1,4.0,May01'25,,,Jul 01 '15,0.77,Semi-Annual,100.652,3.1310000000000002,,,,
MUNI 311261ST9,5.0,May01'25,AA3 (MOODY),,Jun 25 '15,0.77,Semi-Annual,101.449,3.0740000000000003,,,,
MUNI 29509PKJ7,5.0,May01'25,AA2 (MOODY),,Jun 24 '15,0.77,Semi-Annual,101.674,2.7800000000000002,,,,
MUNI 483270FE9,4.0,May01'25,A1 (MOODY),,Jul 23 '15,0.77,Semi-Annual,100.786,2.954,,,,
MUNI 691610CG2,5.0,May01'25,AA1 (MOODY),,Aug 05 '15,0.77,Semi-Annual,101.616,2.8558000000000003,,,,
MUNI 59333MS22,5.0,May01'25,A1 (MOODY),,Jul 31 '15,0.77,Semi-Annual,101.314,3.25,,,,
MUNI Unknown 484458GH1,4.0,May01'25,,,Aug 27 '15,0.77,Semi-Annual,100.489,3.3455000000000004,,,,
MUNI 913367EK0,5.0,May01'25,AA2 (MOODY),,Sep 01 '15,0.77,Semi-Annual,102.553,1.6440000000000001,,,,
MUNI 797412CC5,5.0,May01'25,AA2 (MOODY),,Sep 22 '15,0.77,Semi-Annual,101.869,2.5268,,,,
MUNI 13068LVS1,5.0,May01'25,AA3 (MOODY),,Oct 13 '15,0.77,Semi-Annual,101.429,3.1,,,,
MUNI 592481GP4,5.0,May01'25,AA1 (MOODY),,Dec 15 '15,0.77,Semi-Annual,101.621,2.8493,,,,
MUNI Unknown 611583BT1,3.75,May01'25,,,Dec 17 '15,0.77,Semi-Annual,102.320,0.7200000000000001,,97.237,,
MUNI Unknown 338261KT6,4.0,May01'25,,,Feb 16 '16,0.77,Semi-Annual,101.539,1.9720000000000002,,,,
MUNI 79766DFN4,4.0,May01'25,A1 (MOODY),,Feb 25 '16,0.77,Semi-Annual,100.769,2.9770000000000003,,,,
MUNI 386028KP8,4.0,May01'25,AA1 (MOODY),,Mar 16 '16,0.77,Semi-Annual,100.657,3.124,,,,
MUNI 664848BK3,5.0,May01'25,AA3 (MOODY),,Mar 09 '16,0.77,Semi-Annual,101.766,2.6606,,,,
MUNI 386280PW5,5.0,May01'25,A3 (MOODY),,Mar 16 '16,0.77,Semi-Annual,101.337,3.22,,,,
MUNI 352840VS8,4.0,May01'25,A1 (MOODY),,Mar 30 '16,0.77,Semi-Annual,100.707,3.0583,,,,
MUNI 345748YP6,5.0,May01'25,AA2 (MOODY),,Apr 20 '16,0.77,Semi-Annual,101.611,2.8624,,,,
MUNI 416848WF2,5.0,May01'25,A1 (MOODY),,May 03 '16,0.77,Semi-Annual,101.592,2.8871,,,,
MUNI 696543RE9,5.0,May01'25,AAA (MOODY),,Apr 27 '16,0.77,Semi-Annual,101.688,2.7621,,,,
MUNI Unknown 129271RH7,5.0,May01'25,,,May 26 '16,0.77,Semi-Annual,102.517,1.6903000000000001,,,,
MUNI 469650AJ4,5.0,May01'25,AA3 (MOODY),,May 18 '16,0.77,Semi-Annual,102.444,1.784,,,,
MUNI 426170MQ6,5.0,May01'25,AAA (MOODY),,Jun 21 '16,0.77,Semi-Annual,102.589,1.5978,,,,
MUNI 776134NH7,5.0,May01'25,AA1 (MOODY),,Jun 28 '16,0.77,Semi-Annual,101.564,2.9236,,,,
MUNI Unknown 611101MH6,2.61,May01'25,,,Jun 28 '16,0.77,Semi-Annual,98.066,5.2,,96.387,,
MUNI 3567307M7,4.0,May01'25,AA3 (MOODY),,Aug 03 '16,0.77,Semi-Annual,101.661,1.8130000000000002,,,,
MUNI 64971WK82,4.0,May01'25,AA1 (MOODY),,Jul 28 '16,0.77,Semi-Annual,101.790,1.6466,,,,
MUNI 977100DB9,2.333,May01'25,AA2 (MOODY),,Aug 16 '16,0.77,Semi-Annual,97.917,5.1235,,96.133,,
MUNI Unknown 54244RAJ2,4.0,May01'25,,,Sep 07 '16,0.77,Semi-Annual,101.909,1.493,,,,
MUNI 79766DGR4,5.0,May01'25,A1 (MOODY),,Sep 29 '16,0.77,Semi-Annual,101.321,3.241,,,,
MUNI 29509PKW8,5.0,May01'25,AA2 (MOODY),,Oct 12 '16,0.77,Semi-Annual,102.632,1.5427000000000002,,,,
MUNI 182252VE3,4.0,May01'25,AA1 (MOODY),,Nov 01 '16,0.77,Semi-Annual,100.622,3.1700000000000004,,,,
MUNI 30747NDS0,5.0,May01'25,AA2 (MOODY),,Nov 22 '16,0.77,Semi-Annual,101.280,3.2949,,,,
MUNI Unknown 621060MJ8,5.0,May01'25,,,Feb 02 '17,0.77,Semi-Annual,101.578,2.9054,,,,
MUNI 844215QT3,5.0,May01'25,AA1 (MOODY),,Feb 09 '17,0.77,Semi-Annual,101.495,3.0137,,,,
MUNI Unknown 230614LQ0,5.0,May01'25,,,Feb 15 '17,0.77,Semi-Annual,101.268,3.311,,,,
MUNI Unknown 846625MC2,4.0,May01'25,,,Feb 15 '17,0.77,Semi-Annual,101.600,1.893,,,,
MUNI 758508SL0,5.0,May01'25,A3 (MOODY),,Feb 21 '17,0.77,Semi-Annual,101.464,3.0540000000000003,,,,
MUNI 68609BYW1,5.0,May01'25,AA1 (MOODY),,Feb 21 '17,0.77,Semi-Annual,101.480,3.0333,,,,
MUNI 836753MP5,5.0,May01'25,AA3 (MOODY),,Mar 08 '17,0.77,Semi-Annual,101.543,2.951,,,,
MUNI 386280QR5,5.0,May01'25,A1 (MOODY),,Mar 21 '17,0.77,Semi-Annual,101.441,3.084,,,,
MUNI 751073KY2,5.0,May01'25,AA3 (MOODY),,Mar 14 '17,0.77,Semi-Annual,101.123,3.5010000000000003,,,,
MUNI 478270AH4,3.0,May01'25,AA2 (MOODY),,Mar 31 '17,0.77,Semi-Annual,99.891,3.1406,,,,
MUNI 401784G23,5.0,May01'25,AAA (MOODY),,Apr 19 '17,0.77,Semi-Annual,101.711,2.732,,,,
MUNI 821697R50,5.0,May01'25,A2 (MOODY),,Apr 19 '17,0.77,Semi-Annual,101.272,3.3054,,,,
MUNI 660869BB3,3.0,May01'25,AA2 (MOODY),,May 18 '17,0.77,Semi-Annual,100.923,1.7850000000000001,,,,
MUNI 68825VGD7,5.0,May01'25,AA3 (MOODY),,Jul 20 '17,0.77,Semi-Annual,101.498,3.0098000000000003,,,,
MUNI 65829QCU6,5.0,May01'25,AA1 (MOODY),,Aug 03 '17,0.77,Semi-Annual,101.569,2.9170000000000003,,,,
MUNI 546475RV8,5.0,May01'25,AA2 (MOODY),,Aug 30 '17,0.77,Semi-Annual,101.647,2.8155,,,,
MUNI 594612DP5,5.0,May01'25,AA1 (MOODY),,Sep 19 '17,0.77,Semi-Annual,101.674,2.7803,,,,
MUNI 914849HU1,5.0,May01'25,AA3 (MOODY),,Sep 14 '17,0.77,Semi-Annual,101.606,2.8689,,,,
MUNI 677522RK2,5.0,May01'25,AAA (MOODY),,Oct 03 '17,0.77,Semi-Annual,101.640,2.8246,,,,
MUNI 79766DKT5,5.0,May01'25,A1 (MOODY),,Oct 31 '17,0.77,Semi-Annual,101.390,3.1510000000000002,,,,
MUNI 091582E36,4.0,May01'25,AA1 (MOODY),,Dec 05 '17,0.77,Semi-Annual,100.657,3.124,,,,
MUNI Unknown 077527LM9,4.0,May01'25,,,Feb 15 '18,0.77,Semi-Annual,101.607,1.8834000000000002,,,,
MUNI 871683CZ9,5.0,May01'25,AA2 (MOODY),,Mar 15 '18,0.77,Semi-Annual,102.488,1.7275,,,,
MUNI Unknown 013842F20,4.0,May01'25,,,May 04 '18,0.77,Semi-Annual,100.689,3.0820000000000003,,,,
MUNI 736742ZD2,5.0,May01'25,AA2 (MOODY),,May 03 '18,0.77,Semi-Annual,101.671,2.7842000000000002,,,,
MUNI 426170NW2,5.0,May01'25,AAA (MOODY),,May 09 '18,0.77,Semi-Annual,102.689,1.47,,,,
MUNI Unknown 989258NW4,4.0,May01'25,,,May 23 '18,0.77,Semi-Annual,100.659,3.1214,,,,
MUNI 574204J87,5.0,May01'25,AA1 (MOODY),,May 24 '18,0.77,Semi-Annual,101.702,2.7438000000000002,,,,
MUNI 74172WAU0,5.0,May01'25,AA1 (MOODY),,May 23 '18,0.77,Semi-Annual,101.660,2.7985,,,,
MUNI Unknown 418308RZ7,4.0,May01'25,,,Oct 23 '18,0.77,Semi-Annual,100.723,3.0373,,,,
MUNI 613357AY8,4.0,May01'25,AA1 (MOODY),,Nov 19 '18,0.77,Semi-Annual,101.350,2.2172,,97.263,,
MUNI 71783DBK0,5.0,May01'25,A1 (MOODY),,Nov 29 '18,0.77,Semi-Annual,101.375,3.1710000000000003,,,,
MUNI 677522B60,5.0,May01'25,AAA (MOODY),,Dec 12 '18,0.77,Semi-Annual,101.567,2.9197,,,,
MUNI 037777YH6,5.0,May01'25,A1 (MOODY),,Dec 13 '18,0.77,Semi-Annual,101.352,3.201,,,,
MUNI 79766DMG1,5.0,May01'25,A1 (MOODY),,Feb 07 '19,0.77,Semi-Annual,101.622,2.8480000000000003,,,,
MUNI 170016B32,5.0,May01'25,AA1 (MOODY),,Mar 04 '19,0.77,Semi-Annual,101.555,2.9354,,,,
MUNI Unknown 085743KK7,5.0,May01'25,,,Feb 26 '19,0.77,Semi-Annual,102.571,1.621,,,,
MUNI 64987DXC3,2.2,May01'25,AA2 (MOODY),,Mar 26 '19,0.77,Semi-Annual,99.434,2.947,,,,
MUNI Unknown 260480JK5,4.0,May01'25,,,Apr 16 '19,0.77,Semi-Annual,100.744,3.0097,,,,
MUNI 60636WSH9,5.0,May01'25,AA1 (MOODY),,May 13 '19,0.77,Semi-Annual,101.787,2.6333,,,,
MUNI 76222RXH0,5.0,May01'25,AA2 (MOODY),,Apr 30 '19,0.77,Semi-Annual,101.691,2.7582,,,,
MUNI Unknown 844181LY1,3.0,May01'25,,,May 01 '19,0.77,Semi-Annual,100.891,1.826,,,,
MUNI 645172KF3,5.0,May01'25,AA1 (MOODY),,Jun 26 '19,0.77,Semi-Annual,101.508,2.9967,,,,
MUNI 65829QDG6,5.0,May01'25,AA1 (MOODY),,Jun 27 '19,0.77,Semi-Annual,101.681,2.7712000000000003,,,,
MUNI 97705MMU6,5.0,May01'25,AA1 (MOODY),,Aug 07 '19,0.77,Semi-Annual,101.536,2.96,,,,
MUNI 13068L3S2,5.0,May01'25,AA3 (MOODY),,Oct 01 '19,0.77,Semi-Annual,102.609,1.5722,,,,
MUNI 807874BQ4,3.0,May01'25,AA1 (MOODY),,Nov 07 '19,0.77,Semi-Annual,100.844,1.8880000000000001,,,,
MUNI Unknown 941009CU4,5.0,May01'25,,,Nov 06 '19,0.77,Semi-Annual,102.412,1.8250000000000002,,,,
MUNI Unknown 497674FZ9,4.0,May01'25,,,Nov 07 '19,0.77,Semi-Annual,101.647,1.8316000000000001,,,,
MUNI 641462FK7,5.0,May01'25,AA1 (MOODY),,Dec 10 '19,0.77,Semi-Annual,102.563,1.6312,,,,
MUNI 780427LB4,5.0,May01'25,AA2 (MOODY),,Feb 25 '20,0.77,Semi-Annual,101.579,2.9041,,,,
MUNI Unknown 859332FX1,4.0,May01'25,,,Feb 13 '20,0.77,Semi-Annual,100.979,2.7014,,,,
MUNI 670029UZ8,4.0,May01'25,AA2 (MOODY),,Mar 03 '20,0.77,Semi-Annual,100.530,3.2914000000000003,,,,
MUNI 793187EM3,4.0,May01'25,AA3 (MOODY),,Feb 24 '20,0.77,Semi-Annual,101.595,1.899,,,,
MUNI Unknown 163357JY3,4.0,May01'25,,,Mar 19 '20,0.77,Semi-Annual,100.665,3.1140000000000003,,,,
MUNI 387001BW9,3.0,May01'25,AA3 (MOODY),,Apr 09 '20,0.77,Semi-Annual,99.936,3.081,,,,
MUNI Unknown 04052ACV6,5.0,May01'25,AA2 (MOODY),,Apr 09 '20,0.77,Quarterly,101.603,2.8855,,,,
MUNI Unknown 839134GA5,3.0,May01'25,,,Jul 08 '20,0.77,Semi-Annual,100.580,2.233,,,,
MUNI 732538GT4,5.0,May01'25,AA1 (MOODY),,Jul 15 '20,0.77,Semi-Annual,102.414,1.8226,,,,
MUNI 97705MST3,5.0,May01'25,AA1 (MOODY),,Feb 02 '21,0.77,Semi-Annual,101.714,2.728,,,,
MUNI 80036RCJ7,5.0,May01'25,AAA (MOODY),,Nov 10 '20,0.77,Semi-Annual,102.566,1.627,,,,
MUNI 722205PA3,5.0,May01'25,AA1 (MOODY),,Nov 17 '20,0.77,Semi-Annual,101.516,2.9863,,,,
MUNI 419578WX3,1.1,May01'25,AA3 (MOODY),,Nov 12 '20,0.77,Semi-Annual,99.716,1.4719,,95.258,,
MUNI 65829QDW1,5.0,May01'25,AA1 (MOODY),,Nov 12 '20,0.77,Semi-Annual,101.580,2.9028,,,,
MUNI 091608RP6,4.0,May01'25,AA2 (MOODY),,Dec 30 '20,0.77,Semi-Annual,100.740,3.015,,,,
MUNI 48542RMR2,5.0,May01'25,AA3 (MOODY),,Jan 27 '21,0.77,Semi-Annual,102.469,1.752,,,,
MUNI 432349AD0,5.0,May01'25,AA2 (MOODY),,Apr 12 '21,0.77,Semi-Annual,101.407,3.129,,,,
MUNI Unknown 941468ZD5,4.0,May01'25,,,Apr 20 '21,0.77,Semi-Annual,101.668,1.804,,,,
MUNI 13068XBA6,5.0,May01'25,AA3 (MOODY),,Apr 22 '21,0.77,Semi-Annual,101.530,2.968,,,,
MUNI Unknown 72178JAD5,0.9,May01'25,,,May 27 '21,0.77,Semi-Annual,96.876,5.0896,,95.047,,
MUNI Unknown 242469EK6,3.0,May01'25,,,May 18 '21,0.77,Semi-Annual,99.567,3.5711000000000004,,,,
MUNI 913367FR4,0.935,May01'25,AA2 (MOODY),,Jun 29 '21,0.77,Semi-Annual,96.961,5.008500000000001,,95.073,,
MUNI 586145Z56,5.0,May01'25,AA2 (MOODY),,Aug 05 '21,0.77,Semi-Annual,101.577,2.9067000000000003,,,,
MUNI Unknown 220867GA7,4.0,May01'25,,,Sep 14 '21,0.77,Semi-Annual,100.720,3.0412000000000003,,,,
MUNI Unknown 535392VL5,4.0,May01'25,,,Oct 07 '21,0.77,Semi-Annual,101.803,1.6298000000000001,,,,
MUNI 091582U20,3.0,May01'25,AA1 (MOODY),,Dec 01 '21,0.77,Semi-Annual,99.808,3.2510000000000003,,,,
MUNI Unknown 195252FJ5,5.0,May01'25,,,Feb 08 '22,0.77,Semi-Annual,101.597,2.8806000000000003,,,,
MUNI 667488XH8,4.0,May01'25,A1 (MOODY),,Feb 01 '22,0.77,Semi-Annual,101.452,2.085,,,,
MUNI Unknown 351280QH8,3.0,May01'25,,,Feb 01 '22,0.77,Semi-Annual,100.820,1.919,,,,
MUNI 9142332P5,5.0,May01'25,AA3 (MOODY),,Apr 13 '22,0.77,Semi-Annual,101.692,2.7569000000000004,,,,
MUNI 557412YW7,5.0,May01'25,AA2 (MOODY),,Apr 20 '22,0.77,Semi-Annual,102.502,1.7100000000000002,,,,
MUNI 798153PW6,3.205,May01'25,AA3 (MOODY),,Apr 21 '22,0.77,Semi-Annual,98.520,5.1851,,96.792,,
MUNI Unknown 917661W22,5.0,May01'25,,,May 10 '22,0.77,Semi-Annual,101.676,2.7777000000000003,,,,
MUNI Unknown 072104JD5,4.0,May01'25,,,May 16 '22,0.77,Semi-Annual,100.657,3.124,,,,
MUNI 010609GQ2,5.0,May01'25,AA1 (MOODY),,May 26 '22,0.77,Semi-Annual,101.429,3.1,,,,
MUNI 64966QA42,5.0,May01'25,AA2 (MOODY),,May 26 '22,0.77,Semi-Annual,102.562,1.6320000000000001,,,,
MUNI 592481QM0,5.0,May01'25,AA1 (MOODY),,Jun 08 '22,0.77,Semi-Annual,101.641,2.8233,,,,
MUNI 97705MZP3,1.875,May01'25,AA1 (MOODY),,Feb 11 '20,0.77,Semi-Annual,97.747,4.8904000000000005,,95.786,,
MUNI 641462PD2,5.0,May01'25,AA1 (MOODY),,Dec 06 '22,0.77,Semi-Annual,101.662,2.7959,,,,
MUNI Unknown 103547FW0,4.0,May01'25,,,Jan 31 '23,0.77,Semi-Annual,101.600,1.8925,,,,
MUNI 182252XU5,4.0,May01'25,AA1 (MOODY),,Feb 23 '23,0.77,Semi-Annual,100.540,3.2782,,,,
MUNI Unknown 941468A83,5.0,May01'25,,,Mar 01 '23,0.77,Semi-Annual,101.608,2.8663000000000003,,,,
MUNI 79766DUZ0,5.0,May01'25,A1 (MOODY),,Mar 01 '23,0.77,Semi-Annual,101.298,3.2710000000000004,,,,
MUNI Unknown 838277LM1,5.0,May01'25,,,Apr 06 '23,0.77,Semi-Annual,102.486,1.73,,,,
MUNI 68609UBS3,5.0,May01'25,AA1 (MOODY),,Mar 23 '23,0.77,Semi-Annual,101.620,2.8506,,,,
MUNI 930864GC1,5.0,May01'25,AAA (MOODY),,Apr 18 '23,0.77,Semi-Annual,101.708,2.736,,,,
MUNI 64987JA68,2.85,May01'25,AA2 (MOODY),,Mar 30 '23,0.77,Semi-Annual,99.785,3.1310000000000002,,,,
MUNI Unknown 539243WA9,5.0,May01'25,,,May 04 '23,0.77,Semi-Annual,102.471,1.7494,,,,
MUNI 035519XV4,4.0,May01'25,A1 (MOODY),,May 30 '23,0.77,Semi-Annual,100.642,3.144,,,,
MUNI 575579S81,4.0,May01'25,AA3 (MOODY),,Aug 17 '21,0.77,Semi-Annual,100.966,2.7247000000000003,,,,
MUNI 57582R2G0,5.0,May01'25,AA1 (MOODY),,Jul 13 '23,0.77,Semi-Annual,101.718,2.7230000000000003,,100.980,,
MUNI Unknown 483270KX1,5.0,May01'25,,,Aug 03 '23,0.77,Semi-Annual,102.486,1.7301000000000002,,,,
MUNI 880541G76,5.0,May01'25,AAA (MOODY),,Aug 30 '23,0.77,Semi-Annual,101.500,3.007,,,,
MUNI 641462TH9,5.0,May01'25,AA1 (MOODY),,Nov 01 '23,0.77,Semi-Annual,101.556,2.934,,,,
MUNI 60636WTH8,5.0,May01'25,AA1 (MOODY),,Dec 14 '23,0.77,Semi-Annual,101.681,2.7710000000000004,,,,
MUNI 5445874E5,5.0,May01'25,AA3 (MOODY),,Dec 07 '23,0.77,Semi-Annual,102.606,1.576,,,,
MUNI Unknown 773318XC9,5.0,May01'25,,,Feb 22 '24,0.77,Semi-Annual,102.532,1.6655,,,,
MUNI Unknown 27778HAP0,5.0,May01'25,,,Feb 28 '24,0.77,Semi-Annual,102.432,1.7941,,,,
MUNI 97705MH73,5.0,May01'25,AA1 (MOODY),,Mar 14 '24,0.77,Semi-Annual,101.804,2.6053,,,,
MUNI 246381TA5,5.0,May01'25,AAA (MOODY),,May 15 '24,0.77,Semi-Annual,101.468,3.049,,,,
MUNI Unknown 917661Z60,5.0,May01'25,,,Jun 18 '24,0.77,Semi-Annual,101.707,2.7436000000000003,,,,
MUNI Unknown 517697DZ8,7.0,May01'25,,,Jun 06 '24,0.77,Semi-Annual,103.078,2.924,,,,
MUNI 91412GVT9,4.0,May15'25,AA2 (MOODY),,Mar 25 '15,0.81,Semi-Annual,100.860,2.9115,,,,
MUNI 91412GWP6,5.0,May15'25,AA2 (MOODY),,Mar 25 '15,0.81,Semi-Annual,101.812,2.713,,,,
MUNI 91412GXQ3,3.359,May15'25,AA3 (MOODY),,Mar 25 '15,0.81,Semi-Annual,101.987,0.8855000000000001,,96.816,,
MUNI 91412GZE8,5.0,May15'25,AA3 (MOODY),,Mar 25 '15,0.81,Semi-Annual,101.770,2.7655000000000003,,,,
MUNI 91412GXB6,3.159,May15'25,AA2 (MOODY),,Mar 25 '15,0.81,Semi-Annual,98.556,4.9981,,96.621,,
MUNI Unknown 79730AJB5,5.0,May15'25,,,Sep 24 '15,0.81,Semi-Annual,101.750,2.7903000000000002,,,,
MUNI 5444357B0,5.0,May15'25,AA2 (MOODY),,Nov 24 '15,0.81,Semi-Annual,101.340,3.3000000000000003,,,,
MUNI 762244CB5,5.0,May15'25,AA2 (MOODY),,Dec 22 '15,0.81,Semi-Annual,103.588,0.5444,,,,
MUNI 927793YS2,5.0,May15'25,AA1 (MOODY),,Feb 24 '16,0.81,Semi-Annual,101.801,2.7271,,,,
MUNI 91412GD93,2.487,May15'25,AA2 (MOODY),,Apr 20 '16,0.81,Semi-Annual,101.098,1.1177000000000001,,96.135,,
MUNI 041717NQ8,5.0,May15'25,A1 (MOODY),,May 03 '16,0.81,Semi-Annual,101.680,2.8772,,,,
MUNI 20772JY97,5.0,May15'25,AA3 (MOODY),,Jun 14 '16,0.81,Semi-Annual,101.660,2.902,,101.033,,
MUNI 91412GP58,4.0,May15'25,AA3 (MOODY),,Jun 30 '16,0.81,Semi-Annual,101.017,2.7155,,,,
MUNI 546589A36,5.0,May15'25,AA3 (MOODY),,Aug 30 '16,0.81,Semi-Annual,101.761,2.7767,,,,
MUNI Unknown 683042AJ4,2.898,May15'25,,,Nov 01 '16,0.81,Semi-Annual,101.517,1.0078,,96.457,,
MUNI 544445BP3,5.0,May15'25,AA3 (MOODY),,Jan 19 '17,0.81,Semi-Annual,101.522,3.0735,,,,
MUNI 79642B7E7,5.0,May15'25,AA2 (MOODY),,Jan 01 '17,0.81,Semi-Annual,101.637,2.9305000000000003,,,,
MUNI 91412GV93,5.0,May15'25,AA2 (MOODY),,May 18 '17,0.81,Semi-Annual,101.798,2.7308000000000003,,,,
MUNI 88213AKC8,2.686,May15'25,AAA (MOODY),,Jun 21 '17,0.81,Semi-Annual,98.193,4.9896,,96.224,,
MUNI 546589J60,5.0,May15'25,AA3 (MOODY),,Aug 29 '17,0.81,Semi-Annual,101.532,3.061,,,,
MUNI 91412GZ40,5.0,May15'25,AA3 (MOODY),,Sep 28 '17,0.81,Semi-Annual,101.781,2.7519,,,,
MUNI 927793D30,5.0,May15'25,AA1 (MOODY),,Dec 14 '17,0.81,Semi-Annual,101.577,3.0051,,,,
MUNI 91412G3F0,5.0,May15'25,AA2 (MOODY),,Dec 21 '17,0.81,Semi-Annual,101.710,2.8399,,,,
MUNI 79642GAG7,5.0,May15'25,AA2 (MOODY),,May 01 '18,0.81,Semi-Annual,101.545,3.045,,,,
MUNI Unknown 865270ZF2,3.0,May15'25,,,May 15 '18,0.81,Semi-Annual,101.122,1.5957000000000001,,,,
MUNI 544445FM6,5.0,May15'25,AA3 (MOODY),,Aug 08 '18,0.81,Semi-Annual,101.340,3.3000000000000003,,,,
MUNI 303823MQ8,5.0,May15'25,AA2 (MOODY),,Jul 31 '18,0.81,Semi-Annual,101.569,3.015,,,,
MUNI 544445GH6,5.0,May15'25,AA3 (MOODY),,Nov 14 '18,0.81,Semi-Annual,101.340,3.3000000000000003,,,,
MUNI 544445JV2,5.0,May15'25,AA3 (MOODY),,Mar 12 '19,0.81,Semi-Annual,102.760,1.548,,,,
MUNI 624805PP6,4.0,May15'25,AA2 (MOODY),,Jun 13 '19,0.81,Semi-Annual,101.730,1.8310000000000002,,,,
MUNI 762232BL9,5.0,May15'25,A2 (MOODY),,May 28 '20,0.81,Semi-Annual,102.435,1.9457,,,,
MUNI 544445PU7,5.0,May15'25,AA2 (MOODY),,Aug 27 '20,0.81,Semi-Annual,101.820,2.7036000000000002,,,,
MUNI 20775HDE0,0.95,May15'25,AAA (MOODY),,Nov 10 '20,0.81,Semi-Annual,97.315,4.365,,,,
MUNI 544445SZ3,5.0,May15'25,AA3 (MOODY),,Feb 17 '21,0.81,Semi-Annual,101.887,2.6207000000000003,,,,
MUNI 544445TU3,0.698,May15'25,AA3 (MOODY),,Feb 17 '21,0.81,Semi-Annual,97.712,3.5940000000000003,,94.535,,
MUNI 91412HNF6,5.0,May15'25,AA2 (MOODY),,Feb 22 '23,0.81,Semi-Annual,101.670,2.8896,,,,
MUNI 91412HNZ2,5.0,May15'25,AA2 (MOODY),,Feb 22 '23,0.81,Semi-Annual,101.792,2.738,,,,
MUNI 927793U72,5.0,May15'25,AA1 (MOODY),,Jun 22 '23,0.81,Semi-Annual,101.744,2.798,,,,
MUNI Unknown 938871CC2,5.0,May15'25,,,Oct 05 '23,0.81,Semi-Annual,101.327,3.317,,,,
MUNI 592030P53,5.0,May15'25,AA1 (MOODY),,Feb 16 '24,0.81,Semi-Annual,101.470,3.1382000000000003,,,,
MUNI 592030S27,5.0,May15'25,AA1 (MOODY),,Feb 16 '24,0.81,Semi-Annual,101.786,2.7457000000000003,,,,
MUNI Unknown 927793X79,5.0,May15'25,,,Mar 14 '24,0.81,Semi-Annual,101.768,2.7680000000000002,,,,
MUNI Unknown 54811BH61,5.0,May15'25,,,Mar 01 '24,0.81,Semi-Annual,101.736,2.8008,,,,
MUNI 88213ATD7,5.0,May15'25,AAA (MOODY),,May 30 '24,0.81,Semi-Annual,101.698,2.855,,,,
MUNI Unknown 68606UAA6,5.0,May15'25,,,Jul 02 '24,0.81,Semi-Annual,102.596,1.7528000000000001,,,,
MUNI 717883ER9,5.0,Jun01'25,A1 (MOODY),,May 22 '07,0.86,Semi-Annual,101.342,3.3850000000000002,,100.676,,
MUNI 91417KJW2,5.0,Jun01'25,AA1 (MOODY),,Jan 17 '07,0.86,Semi-Annual,102.703,1.7892000000000001,,,,
MUNI 658256M25,5.0,Jun01'25,AAA (MOODY),,Feb 20 '13,0.86,Semi-Annual,101.918,2.705,,,,
MUNI 65829QBT0,5.0,Jun01'25,AA1 (MOODY),,May 21 '14,0.86,Semi-Annual,101.724,2.934,,,,
MUNI 271014XZ0,5.0,Jun01'25,AAA (MOODY),,Jun 11 '14,0.86,Semi-Annual,102.962,1.489,,,,
MUNI 671137UP0,4.0,Jun01'25,AA2 (MOODY),,Jan 20 '15,0.86,Semi-Annual,100.793,3.0471000000000004,,,,
MUNI Unknown 26678PDB3,2.8,Jun01'25,,,Mar 03 '15,0.86,Semi-Annual,101.453,1.0827,,96.200,,
MUNI 46267VAK8,5.0,Jun01'25,AA1 (MOODY),,Mar 12 '15,0.86,Semi-Annual,101.549,3.14,,,,
MUNI 9408585M1,5.0,Jun01'25,AA3 (MOODY),,Mar 31 '15,0.86,Semi-Annual,101.743,2.9113,,,,
MUNI Unknown 799054GX3,5.0,Jun01'25,,,Apr 22 '15,0.86,Semi-Annual,101.960,2.6562,,,,
MUNI 13068LVD4,5.0,Jun01'25,AA3 (MOODY),,Apr 21 '15,0.86,Semi-Annual,101.788,2.858,,,,
MUNI 13068LTY1,5.0,Jun01'25,AA3 (MOODY),,Apr 21 '15,0.86,Semi-Annual,101.878,2.7525,,,,
MUNI 20281PJY9,5.0,Jun01'25,A1 (MOODY),,Apr 23 '15,0.86,Semi-Annual,101.523,3.1710000000000003,,,,
MUNI 20281PJZ6,5.0,Jun01'25,A1 (MOODY),,Apr 23 '15,0.86,Semi-Annual,101.710,2.9502,,,,
MUNI 95648MPH6,4.0,Jun01'25,AA3 (MOODY),,May 13 '15,0.86,Semi-Annual,101.788,1.8744,,,,
MUNI 395468JB8,3.0,Jun01'25,AA1 (MOODY),,Jun 23 '15,0.86,Semi-Annual,100.148,2.821,,,,
MUNI 971724BJ7,3.0,Jun01'25,AA2 (MOODY),,Jun 26 '15,0.86,Semi-Annual,100.140,2.83,,,,
MUNI 407271GT6,4.0,Jun01'25,A1 (MOODY),,Jun 16 '15,0.86,Semi-Annual,100.754,3.093,,,,
MUNI 161037M86,5.0,Jun01'25,AA1 (MOODY),,Jun 18 '15,0.86,Semi-Annual,101.681,2.984,,,,
MUNI Unknown 53945CDN7,5.0,Jun01'25,,,Jun 30 '15,0.86,Semi-Annual,102.061,2.5377,,,,
MUNI 66283ADJ2,5.0,Jun01'25,AA3 (MOODY),,Sep 15 '15,0.86,Semi-Annual,101.692,2.9714,,,,
MUNI Unknown 2360916Q2,3.0,Jun01'25,,,Oct 08 '15,0.86,Semi-Annual,99.789,3.25,,,,
MUNI 67766WWW8,5.0,Jun01'25,AAA (MOODY),,Jan 13 '16,0.86,Semi-Annual,101.847,2.789,,,,
MUNI 245379K43,5.0,Jun01'25,AA3 (MOODY),,Jan 01 '16,0.86,Semi-Annual,101.614,3.063,,,,
MUNI 67766WWZ1,5.0,Jun01'25,AAA (MOODY),,Jan 28 '16,0.86,Semi-Annual,101.761,2.8901000000000003,,,,
MUNI 9408586E8,5.0,Jun01'25,AA3 (MOODY),,Feb 02 '16,0.86,Semi-Annual,101.753,2.8995,,,,
MUNI 34153QCH7,5.0,Jun01'25,AAA (MOODY),,Mar 08 '16,0.86,Semi-Annual,101.816,2.825,,,,
MUNI 680454YG4,5.0,Jun01'25,A1 (MOODY),,Mar 01 '16,0.86,Semi-Annual,102.531,1.989,,,,
MUNI 658256Z47,5.0,Jun01'25,AAA (MOODY),,Mar 09 '16,0.86,Semi-Annual,101.950,2.668,,,,
MUNI 677632G21,5.0,Jun01'25,AA1 (MOODY),,Mar 29 '16,0.86,Semi-Annual,101.481,3.22,,,,
MUNI 517845AJ2,5.0,Jun01'25,AA1 (MOODY),,Apr 06 '16,0.86,Semi-Annual,101.769,2.8810000000000002,,,,
MUNI 64711NE76,5.0,Jun01'25,AA1 (MOODY),,May 24 '16,0.86,Semi-Annual,101.608,3.0700000000000003,,,,
MUNI 354771QW0,5.0,Jun01'25,AA1 (MOODY),,May 18 '16,0.86,Semi-Annual,101.752,2.9007,,,,
MUNI 91417KS36,5.0,Jun01'25,AA1 (MOODY),,Jun 02 '16,0.86,Semi-Annual,101.758,2.8936,,,,
MUNI 65821DUH2,5.0,Jun01'25,AA3 (MOODY),,May 26 '16,0.86,Semi-Annual,101.678,2.9879000000000002,,,,
MUNI Unknown 67884FM60,2.9,Jun01'25,,,Jun 15 '16,0.86,Semi-Annual,98.258,5.0076,,96.241,,
MUNI 25476FSB5,5.0,Jun01'25,AAA (MOODY),,Jun 23 '16,0.86,Semi-Annual,101.740,2.9148,,,,
MUNI 67765QCH7,5.0,Jun01'25,AAA (MOODY),,Jul 07 '16,0.86,Semi-Annual,101.838,2.7995,,,,
MUNI 64711NH57,4.0,Jun01'25,AA1 (MOODY),,Jul 13 '16,0.86,Semi-Annual,100.981,2.8242000000000003,,,,
MUNI 546456EE0,5.0,Jun01'25,A1 (MOODY),,Jul 28 '16,0.86,Semi-Annual,101.550,3.1389,,,,
MUNI 67765QDL7,5.0,Jun01'25,AAA (MOODY),,Aug 03 '16,0.86,Semi-Annual,101.829,2.8101000000000003,,,,
MUNI 849254UZ8,5.0,Jun01'25,AAA (MOODY),,Sep 06 '16,0.86,Semi-Annual,101.786,2.861,,,,
MUNI 57604TEK8,5.0,Jun01'25,AA1 (MOODY),,Oct 06 '16,0.86,Semi-Annual,101.872,2.7600000000000002,,,,
MUNI 386442XG7,4.0,Jun01'25,A1 (MOODY),,Nov 15 '16,0.86,Semi-Annual,100.962,2.8467000000000002,,,,
MUNI Unknown 077571EK9,4.0,Jun01'25,,,Nov 30 '16,0.86,Semi-Annual,101.737,1.9341000000000002,,,,
MUNI 25476FSP4,5.0,Jun01'25,AAA (MOODY),,Dec 20 '16,0.86,Semi-Annual,101.667,3.0010000000000003,,,,
MUNI 760088AZ7,5.0,Jun01'25,A1 (MOODY),,Dec 21 '16,0.86,Semi-Annual,101.404,3.3120000000000003,,,,
