Financial Instrument,Coupon,Maturity,Ratings,Issuer Debt/Equity,Issue Date,Time-To-Maturity (TTM),Payment Frequency,Ask,Ask Yield,Duration %  ,Convexity,Bid,
US-T GOVT Note 91282CGB1,3.875,Dec31'29,AAA (MOODY),,Jan 03 '23,5.44,Semi-Annual,98.60157,4.165,4.945319652557373,0.2597395181655884,98.60100,
US-T GOVT Note 91282CFY2,3.875,Nov30'29,AAA (MOODY),,Nov 30 '22,5.36,Semi-Annual,98.64532,4.16,4.860454559326172,0.2514190077781677,98.64531,
US-T GOVT Note 912828YS3,1.75,Nov15'29,AAA (MOODY),,Nov 15 '19,5.31,Semi-Annual,88.78907,4.122,5.0651702880859375,0.2648217976093292,88.76700,
US-T GOVT Note 91282CFT3,4.0,Oct31'29,AAA (MOODY),,Oct 31 '22,5.27,Semi-Annual,99.23325,4.163,4.765381813049316,0.2425999641418457,99.23322,
US-T GOVT Note 91282CFL0,3.875,Sep30'29,AAA (MOODY),,Sep 30 '22,5.19,Semi-Annual,98.66994,4.163,4.69321870803833,0.2354518622159958,98.66991,
US-T GOVT Note 91282CFJ5,3.125,Aug31'29,AAA (MOODY),,Aug 31 '22,5.11,Semi-Annual,95.27473,4.162,4.691603660583496,0.23316915333271027,95.27471,
US-T GOVT Note 912828YB0,1.625,Aug15'29,AAA (MOODY),,Aug 15 '19,5.06,Semi-Annual,88.64649,4.134,4.829269886016846,0.2409927099943161,88.63700,
US-T GOVT Note STRIPS Principal 912821CR4,,Aug15'29,,,Aug 15 '19,5.06,,81.52100,4.0785,,,81.11300,
US-T GOVT  STRIPS Principal 912803CG6,,Aug15'29,,,Aug 16 '99,5.06,,81.51600,4.08,,,81.20800,
US-T GOVT 912810FJ2,6.125,Aug15'29,AAA (MOODY),,Aug 16 '99,5.06,Semi-Annual,109.09961,4.114,4.357978343963623,0.21004781126976013,108.89453,
US-T GOVT Note 91282CFC0,2.625,Jul31'29,AAA (MOODY),,Aug 01 '22,5.02,Semi-Annual,93.09644,4.165,4.6638946533203125,0.22898542881011963,93.09641,
US-T GOVT Note TIPS 9128287D6,0.25,Jul15'29,AAA (MOODY),,Jul 31 '19,4.98,Semi-Annual,92.49610,1.8350000000000002,4.948334693908691,0.24577771127223969,92.48000,
US-T GOVT Note 91282CKX8,4.25,Jun30'29,AAA (MOODY),,Jul 01 '24,4.94,Semi-Annual,100.46876,4.143400000000001,4.501399517059326,0.21481935679912567,100.46874,
US-T GOVT Note 91282CEV9,3.25,Jun30'29,AAA (MOODY),,Jun 30 '22,4.94,Semi-Annual,95.95212,4.166,4.5890116691589355,0.22066134214401245,95.95210,
US-T GOVT Note 91282CKT7,4.5,May31'29,AAA (MOODY),,May 31 '24,4.85,Semi-Annual,101.56251,4.142,4.395820617675781,0.20590612292289734,101.56249,
US-T GOVT Note 91282CES6,2.75,May31'29,AAA (MOODY),,May 31 '22,4.85,Semi-Annual,93.83157,4.167,4.55109167098999,0.21599550545215607,93.83156,
US-T GOVT Note 9128286T2,2.375,May15'29,AAA (MOODY),,May 15 '19,4.81,Semi-Annual,92.29688,4.158,4.546822547912598,0.21463513374328613,92.26900,
US-T GOVT Note STRIPS Principal 912821CA1,,May15'29,,,May 15 '19,4.81,,82.14200,4.132000000000001,,,81.98400,
US-T GOVT Note 91282CKP5,4.625,Apr30'29,AAA (MOODY),,Apr 30 '24,4.77,Semi-Annual,102.02541,4.152,4.303252220153809,0.19809408485889435,102.02538,
US-T GOVT Note 91282CEM9,2.875,Apr30'29,AAA (MOODY),,May 02 '22,4.77,Semi-Annual,94.48438,4.1612,4.456953048706055,0.20782773196697235,94.46600,
US-T GOVT Note TIPS 91282CKL4,2.125,Apr15'29,AAA (MOODY),,Apr 30 '24,4.73,Semi-Annual,100.69532,1.9700000000000002,4.504678726196289,0.2095038741827011,100.69500,
US-T GOVT  TIPS 912810FH6,3.875,Apr15'29,AAA (MOODY),,Apr 15 '99,4.73,Semi-Annual,108.53907,1.973,4.345643997192383,0.19958196580410004,108.47600,
US-T GOVT Note 91282CKG5,4.125,Mar31'29,AAA (MOODY),,Apr 01 '24,4.69,Semi-Annual,99.86330,4.159,4.259729862213135,0.193411722779274,99.86327,
US-T GOVT Note 91282CEE7,2.375,Mar31'29,AAA (MOODY),,Mar 31 '22,4.69,Semi-Annual,92.46484,4.1609,4.420772075653076,0.2033359557390213,92.45100,
US-T GOVT Note 91282CKD2,4.25,Feb28'29,AAA (MOODY),,Feb 29 '24,4.60,Semi-Annual,100.44141,4.1428,4.167053699493408,0.18585072457790375,100.43100,
US-T GOVT Note 91282CEB3,1.875,Feb28'29,AAA (MOODY),,Feb 28 '22,4.60,Semi-Annual,90.50000,4.164000000000001,4.389768123626709,0.199209064245224,90.49800,
US-T GOVT Note 9128286B1,2.625,Feb15'29,AAA (MOODY),,Feb 15 '19,4.57,Semi-Annual,93.62110,4.175,4.269932270050049,0.1908901184797287,93.61700,
US-T GOVT Note STRIPS Principal 912821BL8,,Feb15'29,,,Feb 15 '19,4.57,,83.05300,4.1135,,,82.67700,
US-T GOVT  STRIPS Principal 912803BW2,,Feb15'29,,,Feb 16 '99,4.57,,83.43100,4.0120000000000005,,,83.12600,
US-T GOVT 912810FG8,5.25,Feb15'29,AAA (MOODY),,Feb 16 '99,4.57,Semi-Annual,105.02930,4.031000000000001,4.043810844421387,0.1775209605693817,104.75000,
US-T GOVT Note 91282CJW2,4.0,Jan31'29,AAA (MOODY),,Jan 31 '24,4.53,Semi-Annual,99.33985,4.163,4.103102207183838,0.18007123470306396,99.33984,
US-T GOVT Note 91282CDW8,1.75,Jan31'29,AAA (MOODY),,Jan 31 '22,4.53,Semi-Annual,90.13282,4.168,4.317992687225342,0.19259397685527802,90.12500,
US-T GOVT Note TIPS 9128285W6,0.875,Jan15'29,AAA (MOODY),,Jan 31 '19,4.48,Semi-Annual,95.42579,1.947,4.402593612670898,0.19602517783641815,95.39400,
US-T GOVT  TIPS 912810PZ5,2.5,Jan15'29,AAA (MOODY),,Jan 30 '09,4.48,Semi-Annual,102.30860,1.959,4.270694255828857,0.18796226382255554,102.26100,
US-T GOVT Note 91282CJR3,3.75,Dec31'28,AAA (MOODY),,Jan 02 '24,4.44,Semi-Annual,98.32423,4.17,4.121854782104492,0.17803823947906494,98.32421,
US-T GOVT Note 91282CDP3,1.375,Dec31'28,AAA (MOODY),,Dec 31 '21,4.44,Semi-Annual,88.78125,4.172000000000001,4.311114311218262,0.1894129365682602,88.76700,
US-T GOVT Note 91282CJN2,4.375,Nov30'28,AAA (MOODY),,Nov 30 '23,4.36,Semi-Annual,100.83205,4.164000000000001,3.9931254386901855,0.16855333745479584,100.83202,
US-T GOVT Note 91282CDL2,1.5,Nov30'28,AAA (MOODY),,Nov 30 '21,4.36,Semi-Annual,89.44532,4.1770000000000005,4.215219020843506,0.18152382969856262,89.44100,
US-T GOVT Note 9128285M8,3.125,Nov15'28,AAA (MOODY),,Nov 15 '18,4.31,Semi-Annual,95.84375,4.188000000000001,4.041784763336182,0.17045800387859344,95.82400,
US-T GOVT Note STRIPS Principal 912821AW5,,Nov15'28,,,Nov 15 '18,4.31,,83.76200,4.154,,,83.58300,
US-T GOVT  STRIPS Principal 912803BV4,,Nov15'28,,,Nov 16 '98,4.31,,84.07000,4.067,,,83.77600,
US-T GOVT 912810FF0,5.25,Nov15'28,AAA (MOODY),,Nov 16 '98,4.31,Semi-Annual,104.55079,4.086,3.894711971282959,0.16198742389678955,104.30100,
US-T GOVT Note 91282CJF9,4.875,Oct31'28,AAA (MOODY),,Oct 31 '23,4.27,Semi-Annual,102.71095,4.174,3.8773412704467773,0.16015306115150452,102.71093,
US-T GOVT Note 91282CDF5,1.375,Oct31'28,AAA (MOODY),,Nov 01 '21,4.27,Semi-Annual,89.12501,4.183,4.144036293029785,0.17528899013996124,89.12499,
US-T GOVT Note TIPS 91282CJH5,2.375,Oct15'28,AAA (MOODY),,Oct 31 '23,4.23,Semi-Annual,101.83985,1.919,4.0286946296691895,0.1676405966281891,101.82400,
US-T GOVT Note 91282CJA0,4.625,Sep30'28,AAA (MOODY),,Oct 02 '23,4.19,Semi-Annual,101.68165,4.182,3.8088760375976562,0.1545485407114029,101.68163,
US-T GOVT Note 91282CCY5,1.25,Sep30'28,AAA (MOODY),,Sep 30 '21,4.19,Semi-Annual,88.82032,4.189,4.070224285125732,0.16893614828586578,88.82000,
US-T GOVT Note 91282CHX2,4.375,Aug31'28,AAA (MOODY),,Aug 31 '23,4.11,Semi-Annual,100.72266,4.181,3.743582010269165,0.14925998449325562,100.71875,
US-T GOVT Note 91282CCV1,1.125,Aug31'28,AAA (MOODY),,Aug 31 '21,4.11,Semi-Annual,88.53516,4.195,3.9992661476135254,0.1629149466753006,88.53500,
US-T GOVT Note STRIPS Principal 912821AH8,,Aug15'28,,,Aug 15 '18,4.06,,84.67200,4.140000000000001,,,84.26700,
US-T GOVT Note 9128284V9,2.875,Aug15'28,AAA (MOODY),,Aug 15 '18,4.06,Semi-Annual,95.07032,4.208,3.8087265491485596,0.151723712682724,95.05469,
US-T GOVT  STRIPS Principal 912803BP7,,Aug15'28,,,Aug 17 '98,4.06,,85.11400,4.009,,,84.86400,
US-T GOVT 912810FE3,5.5,Aug15'28,AAA (MOODY),,Aug 17 '98,4.06,Semi-Annual,105.38282,4.048,3.627229928970337,0.1421850174665451,105.17800,
US-T GOVT Note 91282CHQ7,4.125,Jul31'28,AAA (MOODY),,Jul 31 '23,4.02,Semi-Annual,99.78321,4.184,3.675828456878662,0.14386427402496338,99.78320,
US-T GOVT Note 91282CCR0,1.0,Jul31'28,AAA (MOODY),,Aug 02 '21,4.02,Semi-Annual,88.30469,4.192,3.925766944885254,0.15678678452968597,88.28700,
US-T GOVT Note TIPS 912828Y38,0.75,Jul15'28,AAA (MOODY),,Jul 31 '18,3.98,Semi-Annual,95.60938,1.9020000000000001,3.925325870513916,0.1553792506456375,95.60900,
US-T GOVT Note 91282CHK0,4.0,Jun30'28,AAA (MOODY),,Jun 30 '23,3.94,Semi-Annual,99.31837,4.19,3.6771724224090576,0.1411900520324707,99.31835,
US-T GOVT Note 91282CCH2,1.25,Jun30'28,AAA (MOODY),,Jun 30 '21,3.94,Semi-Annual,89.39454,4.202,3.8491506576538086,0.15039414167404175,89.39000,
US-T GOVT Note 91282CHE4,3.625,May31'28,AAA (MOODY),,May 31 '23,3.85,Semi-Annual,97.98439,4.196000000000001,3.6135802268981934,0.1361238658428192,97.98437,
US-T GOVT Note 91282CCE9,1.25,May31'28,AAA (MOODY),,Jun 01 '21,3.85,Semi-Annual,89.58985,4.205,3.7642364501953125,0.1439305543899536,89.56800,
US-T GOVT Note 9128284N7,2.875,May15'28,AAA (MOODY),,May 15 '18,3.81,Semi-Annual,95.30469,4.2211,3.617007255554199,0.13544240593910217,95.29297,
US-T GOVT Note STRIPS Principal 9128205B9,,May15'28,,,May 15 '18,3.81,,85.40500,4.184,,,85.18900,
US-T GOVT Note 91282CHA2,3.5,Apr30'28,AAA (MOODY),,May 01 '23,3.77,Semi-Annual,97.57032,4.202,3.538626194000244,0.13061635196208954,97.56641,
US-T GOVT Note 91282CBZ3,1.25,Apr30'28,AAA (MOODY),,Apr 30 '21,3.77,Semi-Annual,89.75782,4.2170000000000005,3.682063579559326,0.13781291246414185,89.75100,
US-T GOVT Note TIPS 91282CGW5,1.25,Apr15'28,AAA (MOODY),,Apr 28 '23,3.73,Semi-Annual,97.09766,2.063,3.642052173614502,0.13475556671619415,97.07400,
US-T GOVT  TIPS 912810FD5,3.625,Apr15'28,AAA (MOODY),,Apr 15 '98,3.73,Semi-Annual,105.48829,2.0860000000000003,,,105.41700,
US-T GOVT Note 91282CGT2,3.625,Mar31'28,AAA (MOODY),,Mar 31 '23,3.69,Semi-Annual,98.03321,4.206,3.44638991355896,0.12432561069726944,98.03320,
US-T GOVT Note 91282CBS9,1.25,Mar31'28,AAA (MOODY),,Mar 31 '21,3.69,Semi-Annual,89.96875,4.2170000000000005,3.597151279449463,0.1316331923007965,89.94900,
US-T GOVT Note 91282CGP0,4.0,Feb29'28,AAA (MOODY),,Feb 28 '23,3.60,Semi-Annual,99.28516,4.216,3.3427085876464844,0.11772375553846359,99.28515,
US-T GOVT Note 91282CBP5,1.125,Feb29'28,AAA (MOODY),,Mar 01 '21,3.60,Semi-Annual,89.75151,4.221,3.523729085922241,0.1261999011039734,89.75149,
US-T GOVT Note 9128283W8,2.75,Feb15'28,AAA (MOODY),,Feb 15 '18,3.56,Semi-Annual,95.15040,4.231,3.3725719451904297,0.11819995939731598,95.14062,
US-T GOVT Note STRIPS Principal 9128204M6,,Feb15'28,,,Feb 15 '18,3.56,,86.24700,4.199,,,86.08500,
US-T GOVT Note 91282CGH8,3.5,Jan31'28,AAA (MOODY),,Jan 31 '23,3.52,Semi-Annual,97.65626,4.226,3.2863965034484863,0.11341152340173721,97.65624,
US-T GOVT Note 91282CBJ9,0.75,Jan31'28,AAA (MOODY),,Feb 01 '21,3.52,Semi-Annual,88.74219,4.226,3.465646505355835,0.1214996725320816,88.72600,
US-T GOVT Note TIPS 9128283R9,0.5,Jan15'28,AAA (MOODY),,Jan 31 '18,3.48,Semi-Annual,94.76954,2.067,3.4530863761901855,0.11981247365474701,94.74600,
US-T GOVT  TIPS 912810PV4,1.75,Jan15'28,AAA (MOODY),,Jan 31 '08,3.48,Semi-Annual,98.90625,2.0780000000000003,3.390212297439575,0.1168050765991211,98.87800,
US-T GOVT Note 91282CGC9,3.875,Dec31'27,AAA (MOODY),,Jan 03 '23,3.44,Semi-Annual,98.87891,4.23,3.2471401691436768,0.10930319130420685,98.87890,
US-T GOVT Note 91282CBB6,0.625,Dec31'27,AAA (MOODY),,Dec 31 '20,3.44,Semi-Annual,88.58985,4.229,3.405867576599121,0.11675169318914413,88.58900,
US-T GOVT Note 91282CFZ9,3.875,Nov30'27,AAA (MOODY),,Nov 30 '22,3.35,Semi-Annual,98.87891,4.236,3.1621837615966797,0.10386018455028534,98.87500,
US-T GOVT Note 91282CAY7,0.625,Nov30'27,AAA (MOODY),,Nov 30 '20,3.35,Semi-Annual,88.82422,4.236,3.320979118347168,0.11104179918766022,88.82000,
US-T GOVT Note STRIPS Principal 9128203W5,,Nov15'27,,,Nov 15 '17,3.31,,87.24900,4.164000000000001,,,86.83100,
US-T GOVT Note 9128283F5,2.25,Nov15'27,AAA (MOODY),,Nov 15 '17,3.31,Semi-Annual,93.89063,4.247,3.1960484981536865,0.10460733622312546,93.88672,
US-T GOVT  STRIPS Principal 912803BM4,,Nov15'27,,,Nov 15 '97,3.31,,87.39300,4.113,,,87.15600,
US-T GOVT 912810FB9,6.125,Nov15'27,AAA (MOODY),,Nov 17 '97,3.31,Semi-Annual,106.04297,4.15,3.0297794342041016,0.09722346812486649,105.82100,
US-T GOVT Note 91282CFU0,4.125,Oct31'27,AAA (MOODY),,Oct 31 '22,3.27,Semi-Annual,99.65235,4.238,3.0691566467285156,0.09825897961854935,99.64844,
US-T GOVT Note 91282CAU5,0.5,Oct31'27,AAA (MOODY),,Nov 02 '20,3.27,Semi-Annual,88.68750,4.242,3.245694875717163,0.10595253109931946,88.68700,
US-T GOVT Note TIPS 91282CFR7,1.625,Oct15'27,AAA (MOODY),,Oct 31 '22,3.23,Semi-Annual,98.81641,2.005,3.144554853439331,0.10062862932682037,98.79200,
US-T GOVT Note 91282CFM8,4.125,Sep30'27,AAA (MOODY),,Sep 30 '22,3.19,Semi-Annual,99.67579,4.2330000000000005,2.984232187271118,0.09311964362859726,99.67188,
US-T GOVT Note 91282CAL5,0.375,Sep30'27,AAA (MOODY),,Sep 30 '20,3.19,Semi-Annual,88.59375,4.24,3.167739152908325,0.100804902613163,88.58900,
US-T GOVT Note 91282CFH9,3.125,Aug31'27,AAA (MOODY),,Aug 31 '22,3.10,Semi-Annual,96.73829,4.257000000000001,2.946418046951294,0.09006895869970322,96.73828,
US-T GOVT Note 91282CAH4,0.5,Aug31'27,AAA (MOODY),,Aug 31 '20,3.10,Semi-Annual,89.20704,4.2490000000000006,3.078659772872925,0.09538939595222473,89.19500,
US-T GOVT Note STRIPS Principal 9128203H8,,Aug15'27,,,Aug 15 '17,3.06,,88.08900,4.187,,,87.69400,
US-T GOVT Note 9128282R0,2.25,Aug15'27,AAA (MOODY),,Aug 15 '17,3.06,Semi-Annual,94.26759,4.268,2.9439873695373535,0.08913543820381165,94.26757,
US-T GOVT  STRIPS Principal 912803BL6,,Aug15'27,,,Aug 15 '97,3.06,,88.22700,4.135,,,88.04700,
US-T GOVT 912810FA1,6.375,Aug15'27,AAA (MOODY),,Aug 15 '97,3.06,Semi-Annual,106.37500,4.135,2.768125057220459,0.08221319317817688,106.04687,
US-T GOVT Note 91282CFB2,2.75,Jul31'27,AAA (MOODY),,Aug 01 '22,3.02,Semi-Annual,95.73634,4.271,2.8789052963256836,0.0858091339468956,95.73632,
US-T GOVT Note 91282CAD3,0.375,Jul31'27,AAA (MOODY),,Jul 31 '20,3.02,Semi-Annual,89.09375,4.263,3.0007030963897705,0.09050212055444717,89.07812,
US-T GOVT Note 91282CKZ3,4.375,Jul15'27,,,Jul 15 '24,2.98,Semi-Annual,100.30079,4.269,2.8269145488739014,0.08253949135541916,100.30077,
US-T GOVT Note TIPS 9128282L3,0.375,Jul15'27,AAA (MOODY),,Jul 31 '17,2.98,Semi-Annual,95.31641,2.004,2.961810350418091,0.08798272907733917,95.29200,
US-T GOVT Note 91282CEW7,3.25,Jun30'27,AAA (MOODY),,Jun 30 '22,2.94,Semi-Annual,97.24610,4.257000000000001,2.8219878673553467,0.0816919133067131,97.24609,
US-T GOVT Note 912828ZV5,0.5,Jun30'27,AAA (MOODY),,Jun 30 '20,2.94,Semi-Annual,89.71094,4.267,2.9209492206573486,0.08568248152732849,89.68800,
US-T GOVT Note 91282CKV2,4.625,Jun15'27,AAA (MOODY),,Jun 17 '24,2.89,Semi-Annual,100.96681,4.265000000000001,2.734267234802246,0.07750656455755234,100.96679,
US-T GOVT Note 91282CET4,2.625,May31'27,AAA (MOODY),,May 31 '22,2.85,Semi-Annual,95.58594,4.284,2.758131265640259,0.07778584957122803,95.58203,
US-T GOVT Note 912828ZS2,0.5,May31'27,AAA (MOODY),,Jun 01 '20,2.85,Semi-Annual,89.96094,4.276,2.8360652923583984,0.08079593628644943,89.93700,
US-T GOVT Note 91282CKR1,4.5,May15'27,AAA (MOODY),,May 15 '24,2.81,Semi-Annual,100.52735,4.297000000000001,2.655853271484375,0.07322363555431366,100.52734,
US-T GOVT Note 912828X88,2.375,May15'27,AAA (MOODY),,May 15 '17,2.81,Semi-Annual,94.96485,4.297000000000001,2.7256970405578613,0.0758638083934784,94.96484,
US-T GOVT Note STRIPS Principal 9128207D3,,May15'27,,,May 15 '17,2.81,,88.88200,4.239,,,88.67400,
US-T GOVT Note 91282CEN7,2.75,Apr30'27,AAA (MOODY),,May 02 '22,2.77,Semi-Annual,96.00000,4.296,,,95.99609,
US-T GOVT Note 912828ZN3,0.5,Apr30'27,AAA (MOODY),,Apr 30 '20,2.77,Semi-Annual,90.20704,4.288,,,90.19100,
US-T GOVT Note 91282CKJ9,4.5,Apr15'27,AAA (MOODY),,Apr 15 '24,2.73,Semi-Annual,100.48244,4.309,,,100.48241,
US-T GOVT Note TIPS 91282CEJ6,0.125,Apr15'27,AAA (MOODY),,Apr 29 '22,2.73,Semi-Annual,94.39454,2.2560000000000002,,,94.37800,
US-T GOVT Note 91282CEF4,2.5,Mar31'27,AAA (MOODY),,Mar 31 '22,2.69,Semi-Annual,95.50977,4.287,,,95.50391,
US-T GOVT Note 912828ZE3,0.625,Mar31'27,AAA (MOODY),,Mar 31 '20,2.69,Semi-Annual,90.76172,4.304,,,90.74609,
US-T GOVT Note 91282CKE0,4.25,Mar15'27,AAA (MOODY),,Mar 15 '24,2.64,Semi-Annual,99.85547,4.307,,,99.85156,
US-T GOVT Note 91282CEC1,1.875,Feb28'27,AAA (MOODY),,Feb 28 '22,2.60,Semi-Annual,94.02735,4.325,,,94.00900,
US-T GOVT Note 912828ZB9,1.125,Feb28'27,AAA (MOODY),,Mar 02 '20,2.60,Semi-Annual,92.21875,4.317,,,92.18700,
US-T GOVT Note 91282CKA8,4.125,Feb15'27,AAA (MOODY),,Feb 15 '24,2.57,Semi-Annual,99.47657,4.3420000000000005,,,99.47656,
US-T GOVT Note 912828V98,2.25,Feb15'27,AAA (MOODY),,Feb 15 '17,2.57,Semi-Annual,95.01563,4.327,,,94.99200,
US-T GOVT Note STRIPS Principal 9128206P7,,Feb15'27,,,Feb 15 '17,2.57,,89.79900,4.2465,,,89.46400,
US-T GOVT  STRIPS Principal 912803BK8,,Feb15'27,,,Feb 18 '97,2.57,,90.21400,4.063000000000001,,,90.03300,
US-T GOVT 912810EZ7,6.625,Feb15'27,AAA (MOODY),,Feb 18 '97,2.57,Semi-Annual,106.20313,4.049,,,105.81300,
US-T GOVT Note STRIPS Interest 912834VL9,,Jan31'27,,,Jan 31 '20,2.52,,89.47700,4.4625,,,89.47600,
US-T GOVT Note 912828Z78,1.5,Jan31'27,AAA (MOODY),,Jan 31 '20,2.52,Semi-Annual,93.28907,4.341,,,93.27300,
US-T GOVT Note STRIPS Principal 912821DT9,,Jan31'27,,,Jan 31 '20,2.52,,89.73100,4.3475,,,89.64300,
US-T GOVT Note 91282CJT9,4.0,Jan15'27,AAA (MOODY),,Jan 16 '24,2.48,Semi-Annual,99.15723,4.364,,,99.15722,
US-T GOVT Note TIPS 912828V49,0.375,Jan15'27,AAA (MOODY),,Jan 31 '17,2.48,Semi-Annual,95.39454,2.299,,,95.35500,
US-T GOVT  TIPS 912810PS1,2.375,Jan15'27,AAA (MOODY),,Jan 31 '07,2.48,Semi-Annual,100.17188,2.303,,,100.12800,
US-T GOVT Note 91282CDQ1,1.25,Dec31'26,AAA (MOODY),,Dec 31 '21,2.44,Semi-Annual,92.94141,4.336,,,92.93100,
US-T GOVT Note 912828YX2,1.75,Dec31'26,AAA (MOODY),,Dec 31 '19,2.44,Semi-Annual,94.05079,4.351,,,94.03100,
US-T GOVT Note 91282CJP7,4.375,Dec15'26,AAA (MOODY),,Dec 15 '23,2.40,Semi-Annual,100.01368,4.368,,,100.01366,
US-T GOVT Note 91282CDK4,1.25,Nov30'26,AAA (MOODY),,Nov 30 '21,2.35,Semi-Annual,93.08399,4.375,,,93.06400,
US-T GOVT Note 912828YU8,1.625,Nov30'26,AAA (MOODY),,Dec 02 '19,2.35,Semi-Annual,93.88672,4.388,,,93.86700,
US-T GOVT Note 91282CJK8,4.625,Nov15'26,AAA (MOODY),,Nov 15 '23,2.31,Semi-Annual,100.51172,4.3870000000000005,,,100.50391,
US-T GOVT Note STRIPS Principal 9128205Y9,,Nov15'26,,,Nov 15 '16,2.31,,90.61100,4.3145,,,90.30400,
US-T GOVT Note 912828U24,2.0,Nov15'26,AAA (MOODY),,Nov 15 '16,2.31,Semi-Annual,94.80079,4.390000000000001,,,94.77300,
US-T GOVT  STRIPS Principal 912803BJ1,,Nov15'26,,,Nov 15 '96,2.31,,91.59800,3.8360000000000003,,,91.41700,
US-T GOVT 912810EY0,6.5,Nov15'26,AAA (MOODY),,Nov 15 '96,2.31,Semi-Annual,105.59400,3.939,,,105.54300,
US-T GOVT Note 91282CDG3,1.125,Oct31'26,,,Nov 01 '21,2.27,Semi-Annual,92.99219,4.4030000000000005,,,92.97100,
US-T GOVT Note 912828YQ7,1.625,Oct31'26,AAA (MOODY),,Oct 31 '19,2.27,Semi-Annual,94.07032,4.398000000000001,,,94.05400,
US-T GOVT Note 91282CJC6,4.625,Oct15'26,AAA (MOODY),,Oct 16 '23,2.23,Semi-Annual,100.43166,4.4190000000000005,,,100.43163,
US-T GOVT Note STRIPS Interest 912834J41,,Oct15'26,,,Oct 16 '23,2.23,,90.53501,4.5155,,,90.53500,
US-T GOVT Note TIPS 91282CDC2,0.125,Oct15'26,AAA (MOODY),,Oct 29 '21,2.23,Semi-Annual,95.41797,2.246,,,95.38600,
US-T GOVT Note 91282CCZ2,0.875,Sep30'26,AAA (MOODY),,Sep 30 '21,2.19,Semi-Annual,92.73633,4.396,,,92.72100,
US-T GOVT Note 912828YG9,1.625,Sep30'26,AAA (MOODY),,Sep 30 '19,2.19,Semi-Annual,94.23633,4.4190000000000005,,,94.22656,
US-T GOVT Note 91282CHY0,4.625,Sep15'26,AAA (MOODY),,Sep 15 '23,2.15,Semi-Annual,100.37110,4.439,,,100.36328,
US-T GOVT Note 91282CCW9,0.75,Aug31'26,AAA (MOODY),,Aug 31 '21,2.11,Semi-Annual,92.66016,4.444,,,92.64200,
US-T GOVT Note 912828YD6,1.375,Aug31'26,,,Sep 03 '19,2.11,Semi-Annual,93.90235,4.4430000000000005,,,93.87500,
US-T GOVT Note 91282CHU8,4.375,Aug15'26,AAA (MOODY),,Aug 15 '23,2.06,Semi-Annual,99.83203,4.4599,,,99.81641,
US-T GOVT Note STRIPS Principal 9128205K9,,Aug15'26,,,Aug 15 '16,2.06,,91.44400,4.3885000000000005,,,91.16800,
US-T GOVT Note 9128282A7,1.5,Aug15'26,AAA (MOODY),,Aug 15 '16,2.06,Semi-Annual,94.22657,4.464,,,94.19800,
US-T GOVT  STRIPS Principal 912803BH5,,Aug15'26,,,Aug 15 '96,2.06,,91.77500,4.2090000000000005,,,91.61400,
US-T GOVT 912810EX2,6.75,Aug15'26,AAA (MOODY),,Aug 15 '96,2.06,Semi-Annual,105.04688,4.167,,,104.70500,
US-T GOVT Note 91282CCP4,0.625,Jul31'26,AAA (MOODY),,Aug 02 '21,2.02,Semi-Annual,92.66407,4.465,,,92.65600,
US-T GOVT Note STRIPS Interest 912834UX4,,Jul31'26,,,Jul 31 '19,2.02,,91.21400,4.6065000000000005,,,91.21399,
US-T GOVT Note 912828Y95,1.875,Jul31'26,AAA (MOODY),,Jul 31 '19,2.02,Semi-Annual,95.04297,4.469,,,95.02734,
US-T GOVT Note 91282CHM6,4.5,Jul15'26,AAA (MOODY),,Jul 17 '23,1.98,Semi-Annual,100.03125,4.4830000000000005,,,100.03100,
US-T GOVT Note TIPS 912828S50,0.125,Jul15'26,AAA (MOODY),,Jul 29 '16,1.98,Semi-Annual,95.77344,2.326,,,95.73400,
US-T GOVT Note 91282CKY6,4.625,Jun30'26,,,Jul 01 '24,1.94,Semi-Annual,100.23829,4.493,,,100.23828,
US-T GOVT Note 91282CCJ8,0.875,Jun30'26,AAA (MOODY),,Jun 30 '21,1.94,Semi-Annual,93.39844,4.4750000000000005,,,93.38000,
US-T GOVT Note 9128287B0,1.875,Jun30'26,AAA (MOODY),,Jul 01 '19,1.94,Semi-Annual,95.21094,4.486000000000001,,,95.19100,
US-T GOVT Note 91282CHH7,4.125,Jun15'26,AAA (MOODY),,Jun 15 '23,1.89,Semi-Annual,99.31641,4.5036000000000005,,,99.30469,
US-T GOVT Note 91282CKS9,4.875,May31'26,AAA (MOODY),,May 31 '24,1.85,Semi-Annual,100.59834,4.532,,,100.59832,
US-T GOVT Note 91282CCF6,0.75,May31'26,AAA (MOODY),,Jun 01 '21,1.85,Semi-Annual,93.36329,4.525,,,93.35500,
US-T GOVT Note 9128286X3,2.125,May31'26,AAA (MOODY),,May 31 '19,1.85,Semi-Annual,95.78906,4.518800000000001,,,95.77734,
US-T GOVT Note 91282CHB0,3.625,May15'26,AAA (MOODY),,May 15 '23,1.81,Semi-Annual,98.42578,4.5381,,,98.41406,
US-T GOVT Note 912828R36,1.625,May15'26,AAA (MOODY),,May 16 '16,1.81,Semi-Annual,94.98438,4.5419,1.7900879383087158,0.03232850134372711,94.97266,
US-T GOVT Note STRIPS Principal 9128202R7,,May15'26,,,May 16 '16,1.81,,92.29600,4.479,,,92.10100,
US-T GOVT Note 91282CKK6,4.875,Apr30'26,AAA (MOODY),,Apr 30 '24,1.77,Semi-Annual,100.53906,4.5503,,,100.53125,
US GOVT Note 91282CKM2,5.5292,Apr30'26,AAA (MOODY),,Apr 30 '24,1.77,Quarterly,99.98592,5.4165,,,99.95623,
US-T GOVT Note 91282CBW0,0.75,Apr30'26,AAA (MOODY),,Apr 30 '21,1.77,Semi-Annual,93.61915,4.5440000000000005,,,93.59700,
US-T GOVT Note 9128286S4,2.375,Apr30'26,AAA (MOODY),,Apr 30 '19,1.77,Semi-Annual,96.33594,4.5523,,,96.32422,
US-T GOVT Note 91282CGV7,3.75,Apr15'26,AAA (MOODY),,Apr 17 '23,1.73,Semi-Annual,98.64844,4.57,,,98.64062,
US-T GOVT Note TIPS 91282CCA7,0.125,Apr15'26,AAA (MOODY),,Apr 30 '21,1.73,Semi-Annual,95.62500,2.736,,,95.57812,
US-T GOVT Note 91282CKH3,4.5,Mar31'26,AAA (MOODY),,Apr 01 '24,1.69,Semi-Annual,99.85938,4.5840000000000005,,,99.85156,
US-T GOVT Note 91282CBT7,0.75,Mar31'26,AAA (MOODY),,Mar 31 '21,1.69,Semi-Annual,93.85938,4.5760000000000005,,,93.83900,
US-T GOVT Note 9128286L9,2.25,Mar31'26,AAA (MOODY),,Apr 01 '19,1.69,Semi-Annual,96.26562,4.5751,,,96.25391,
US-T GOVT Note 91282CGR6,4.625,Mar15'26,AAA (MOODY),,Mar 15 '23,1.64,Semi-Annual,100.04688,4.591600000000001,,,100.03516,
US-T GOVT Note 91282CKB6,4.625,Feb28'26,AAA (MOODY),,Feb 29 '24,1.60,Semi-Annual,100.00000,4.622,,,99.99219,
US-T GOVT Note 91282CBQ3,0.5,Feb28'26,AAA (MOODY),,Mar 01 '21,1.60,Semi-Annual,93.71875,4.609,1.5989645719528198,0.02565792202949524,93.68900,
US-T GOVT Note 9128286F2,2.5,Feb28'26,AAA (MOODY),,Feb 28 '19,1.60,Semi-Annual,96.76562,4.6146,,,96.75391,
US-T GOVT Note 91282CGL9,4.0,Feb15'26,AAA (MOODY),,Feb 15 '23,1.57,Semi-Annual,99.05665,4.633,,,99.05663,
US-T GOVT Note 912828P46,1.625,Feb15'26,AAA (MOODY),,Feb 16 '16,1.57,Semi-Annual,95.53125,4.6257,,,95.51953,
US-T GOVT Note STRIPS Principal 9128202A4,,Feb15'26,,,Feb 16 '16,1.57,,93.21600,4.553,,,93.00300,
US-T GOVT  STRIPS Principal 912803BG7,,Feb15'26,,,Feb 15 '96,1.57,,93.50800,4.348,,,93.36500,
US-T GOVT 912810EW4,6.0,Feb15'26,AAA (MOODY),,Feb 15 '96,1.57,Semi-Annual,102.60100,4.257000000000001,,,102.19140,
US-T GOVT Note 91282CJV4,4.25,Jan31'26,,,Jan 31 '24,1.53,Semi-Annual,99.41797,4.651,,,99.41406,
US GOVT Note 91282CJU6,5.504,Jan31'26,AAA (MOODY),,Jan 31 '24,1.53,Quarterly,100.13479,5.4115,,,100.11269,
US-T GOVT Note 91282CBH3,0.375,Jan31'26,AAA (MOODY),,Feb 01 '21,1.53,Semi-Annual,93.80469,4.646,,,93.77900,
US-T GOVT Note 9128286A3,2.625,Jan31'26,AAA (MOODY),,Jan 31 '19,1.53,Semi-Annual,97.05469,4.6551,,,97.04297,
US-T GOVT Note STRIPS Interest 912834UG1,,Jan31'26,,,Jan 31 '19,1.53,,92.87900,4.922000000000001,,,92.87800,
US-T GOVT Note 91282CGE5,3.875,Jan15'26,AAA (MOODY),,Jan 17 '23,1.48,Semi-Annual,98.90040,4.655,,,98.90038,
US-T GOVT Note TIPS 912828N71,0.625,Jan15'26,AAA (MOODY),,Jan 29 '16,1.48,Semi-Annual,96.75391,2.8880000000000003,,,96.72200,
US-T GOVT  TIPS 912810FS2,2.0,Jan15'26,AAA (MOODY),,Jan 31 '06,1.48,Semi-Annual,98.72600,2.8880000000000003,,,98.67578,
US-T GOVT Note 91282CJS1,4.25,Dec31'25,AAA (MOODY),,Jan 02 '24,1.44,Semi-Annual,99.41016,4.678,,,99.40625,
US-T GOVT Note 91282CBC4,0.375,Dec31'25,AAA (MOODY),,Dec 31 '20,1.44,Semi-Annual,94.08204,4.688000000000001,,,94.05800,
US-T GOVT Note 9128285T3,2.625,Dec31'25,AAA (MOODY),,Dec 31 '18,1.44,Semi-Annual,97.18360,4.676,,,97.17969,
US-T GOVT Note 91282CGA3,4.0,Dec15'25,AAA (MOODY),,Dec 15 '22,1.40,Semi-Annual,99.06600,4.697,,,99.06250,
US-T GOVT Note 91282CJL6,4.875,Nov30'25,AAA (MOODY),,Nov 30 '23,1.36,Semi-Annual,100.19517,4.720000000000001,,,100.19514,
US-T GOVT Note 91282CAZ4,0.375,Nov30'25,AAA (MOODY),,Nov 30 '20,1.36,Semi-Annual,94.37110,4.720000000000001,,,94.34900,
US-T GOVT Note 9128285N6,2.875,Nov30'25,AAA (MOODY),,Nov 30 '18,1.36,Semi-Annual,97.60400,4.722,,,97.60156,
US-T GOVT Note 91282CFW6,4.5,Nov15'25,,,Nov 15 '22,1.31,Semi-Annual,99.70704,4.728000000000001,,,99.70312,
US-T GOVT Note 912828M56,2.25,Nov15'25,AAA (MOODY),,Nov 16 '15,1.31,Semi-Annual,96.87697,4.74,,,96.87695,
US-T GOVT Note STRIPS Principal 912820Y43,,Nov15'25,,,Nov 16 '15,1.31,,94.13200,4.671,,,93.96500,
US-T GOVT Note 91282CJE2,5.0,Oct31'25,AAA (MOODY),,Oct 31 '23,1.27,Semi-Annual,100.28907,4.757000000000001,,,100.27300,
US GOVT Note 91282CJD4,5.429,Oct31'25,AAA (MOODY),,Oct 31 '23,1.27,Quarterly,100.06051,5.3790000000000004,,,100.03575,
US-T GOVT Note 91282CAT8,0.25,Oct31'25,AAA (MOODY),,Nov 02 '20,1.27,Semi-Annual,94.52930,4.743,,,94.49600,
US-T GOVT Note 9128285J5,3.0,Oct31'25,AAA (MOODY),,Oct 31 '18,1.27,Semi-Annual,97.87600,4.7410000000000005,,,97.87500,
US-T GOVT Note 91282CFP1,4.25,Oct15'25,AAA (MOODY),,Oct 17 '22,1.23,Semi-Annual,99.38672,4.7653,,,99.37800,
US-T GOVT Note TIPS 91282CAQ4,0.125,Oct15'25,AAA (MOODY),,Oct 30 '20,1.23,Semi-Annual,96.69141,2.8890000000000002,,,96.66000,
US-T GOVT Note 91282CJB8,5.0,Sep30'25,AAA (MOODY),,Oct 02 '23,1.19,Semi-Annual,100.22657,4.795,,,100.22266,
US-T GOVT Note 91282CAM3,0.25,Sep30'25,AAA (MOODY),,Sep 30 '20,1.19,Semi-Annual,94.83000,4.787,,,94.79100,
US-T GOVT Note 9128285C0,3.0,Sep30'25,AAA (MOODY),,Oct 01 '18,1.19,Semi-Annual,97.96094,4.7857,1.1665737628936768,0.013790713623166084,97.94922,
US-T GOVT Note 91282CFK2,3.5,Sep15'25,AAA (MOODY),,Sep 15 '22,1.15,Semi-Annual,98.56251,4.803,,,98.56249,
US-T GOVT Note 91282CHV6,5.0,Aug31'25,AAA (MOODY),,Aug 31 '23,1.11,Semi-Annual,100.15800,4.847,1.0705729722976685,0.011750869452953339,100.14600,
US-T GOVT Note 91282CAJ0,0.25,Aug31'25,AAA (MOODY),,Aug 31 '20,1.11,Semi-Annual,95.12200,4.844,,,95.10900,
US-T GOVT Note 9128284Z0,2.75,Aug31'25,AAA (MOODY),,Aug 31 '18,1.11,Semi-Annual,97.76500,4.852,,,97.75585,
US-T GOVT Note 91282CFE6,3.125,Aug15'25,AAA (MOODY),,Aug 15 '22,1.06,Semi-Annual,98.25400,4.832,,,98.24700,
US-T GOVT Note STRIPS Principal 912820W78,,Aug15'25,,,Aug 17 '15,1.06,,95.15800,4.7355,,,94.95800,
US-T GOVT Note 912828K74,2.0,Aug15'25,AAA (MOODY),,Aug 17 '15,1.06,Semi-Annual,97.10200,4.835,,,97.09375,
US-T GOVT  STRIPS Principal 912803BF9,,Aug15'25,,,Aug 15 '95,1.06,,95.53100,4.3585,,,95.36300,
US-T GOVT 912810EV6,6.875,Aug15'25,AAA (MOODY),,Aug 15 '95,1.06,Semi-Annual,102.65235,4.2860000000000005,1.0146178007125854,0.010675322264432907,102.28200,
US-T GOVT Note 91282CHN4,4.75,Jul31'25,AAA (MOODY),,Jul 31 '23,1.02,Semi-Annual,99.89454,4.856,,,99.88700,
US GOVT Note 91282CHS3,5.384,Jul31'25,AAA (MOODY),,Jul 31 '23,1.02,Quarterly,100.01364,5.369000000000001,,,99.98367,
US-T GOVT Note STRIPS Principal 912821EW1,,Jul31'25,,,Jul 31 '20,1.02,,95.43700,4.635,,,94.96400,
US-T GOVT Note 91282CAB7,0.25,Jul31'25,AAA (MOODY),,Jul 31 '20,1.02,Semi-Annual,95.46485,4.865,,,95.45800,
US-T GOVT Note 912828Y79,2.875,Jul31'25,AAA (MOODY),,Jul 31 '18,1.02,Semi-Annual,98.04700,4.862,,,98.03300,
US-T GOVT Note STRIPS Interest 912834TU2,,Jul31'25,,,Jul 31 '18,1.02,,95.09401,4.9965,,,95.09399,
US-T GOVT Note STRIPS Principal 912821AF2,,Jul31'25,,,Jul 31 '18,1.02,,95.20100,4.884,,,95.20000,
US-T GOVT Note 91282CEY3,3.0,Jul15'25,AAA (MOODY),,Jul 15 '22,0.98,Semi-Annual,98.24700,4.861000000000001,,,98.23400,
US-T GOVT Note TIPS 912828XL9,0.375,Jul15'25,AAA (MOODY),,Jul 31 '15,0.98,Semi-Annual,97.39400,3.108,,,97.35100,
US-T GOVT Bill 912797LW5,,Jul10'25,,,Jul 11 '24,0.96,,95.47010,4.877000000000001,,,95.47100,
US-T GOVT Note 91282CHL8,4.625,Jun30'25,AAA (MOODY),,Jun 30 '23,0.94,Semi-Annual,99.75782,4.890000000000001,,,99.75200,
US-T GOVT Note 912828ZW3,0.25,Jun30'25,AAA (MOODY),,Jun 30 '20,0.94,Semi-Annual,95.81250,4.8870000000000005,,,95.80400,
US-T GOVT Note 912828XZ8,2.75,Jun30'25,AAA (MOODY),,Jul 02 '18,0.94,Semi-Annual,98.07031,4.885000000000001,,,98.05800,
US-T GOVT Note 91282CEU1,2.875,Jun15'25,AAA (MOODY),,Jun 15 '22,0.90,Semi-Annual,98.22500,4.9270000000000005,,,98.21900,
US-T GOVT Bill 912797LN5,,Jun12'25,,,Jun 13 '24,0.89,,95.79480,4.908,,,95.78700,
US-T GOVT Note 91282CHD6,4.25,May31'25,AAA (MOODY),,May 31 '23,0.85,Semi-Annual,99.39844,4.973,,,99.38000,
US-T GOVT Note 912828ZT0,0.25,May31'25,AAA (MOODY),,Jun 01 '20,0.85,Semi-Annual,96.09600,4.984,0.8552825450897217,0.007318268530070782,96.08203,
US-T GOVT Note 9128284R8,2.875,May31'25,AAA (MOODY),,May 31 '18,0.85,Semi-Annual,98.26563,4.974,,,98.25300,
US-T GOVT Bill 912797LB1,,May15'25,,,May 16 '24,0.81,,96.14862,4.8883,,,96.13000,
US-T GOVT Note 91282CEQ0,2.75,May15'25,AAA (MOODY),,May 16 '22,0.81,Semi-Annual,98.24600,4.982,,,98.23300,
US-T GOVT Note STRIPS Principal 912820U96,,May15'25,,,May 15 '15,0.81,,96.18000,4.867500000000001,,,95.99100,
US-T GOVT Note 912828XB1,2.125,May15'25,AAA (MOODY),,May 15 '15,0.81,Semi-Annual,97.75400,4.985,,,97.74600,
US-T GOVT Note 91282CGX3,3.875,Apr30'25,AAA (MOODY),,May 01 '23,0.77,Semi-Annual,99.15900,4.995,,,99.14100,
US GOVT Note 91282CGY1,5.428,Apr30'25,AAA (MOODY),,May 01 '23,0.77,Quarterly,100.05277,5.3565000000000005,,,100.01112,
US-T GOVT Note 912828ZL7,0.375,Apr30'25,AAA (MOODY),,Apr 30 '20,0.77,Semi-Annual,96.54500,5.010000000000001,,,96.53500,
US-T GOVT Note 9128284M9,2.875,Apr30'25,AAA (MOODY),,Apr 30 '18,0.77,Semi-Annual,98.41406,4.997,,,98.40100,
US-T GOVT Bill 912797KS5,,Apr17'25,,,Apr 18 '24,0.73,,96.50008,4.8902,,,96.47900,
US-T GOVT Note 91282CEH0,2.625,Apr15'25,AAA (MOODY),,Apr 18 '22,0.73,Semi-Annual,98.33200,4.985,,,98.31500,
US-T GOVT Note TIPS 912828ZJ2,0.125,Apr15'25,AAA (MOODY),,Apr 30 '20,0.73,Semi-Annual,97.15200,4.143,,,97.09765,
